"Time","reducirimagen-74f7996c94-2dnqn","reducirimagen-74f7996c94-2l87g","reducirimagen-74f7996c94-44fhr","reducirimagen-74f7996c94-4rlnc","reducirimagen-74f7996c94-5gqrz","reducirimagen-74f7996c94-5rbvm","reducirimagen-74f7996c94-6j8cl","reducirimagen-74f7996c94-74cbv","reducirimagen-74f7996c94-9k9kr","reducirimagen-74f7996c94-cnggw","reducirimagen-74f7996c94-cv86h","reducirimagen-74f7996c94-d6469","reducirimagen-74f7996c94-dl799","reducirimagen-74f7996c94-f5sjm","reducirimagen-74f7996c94-ghbb5","reducirimagen-74f7996c94-hv2vg","reducirimagen-74f7996c94-j29v5","reducirimagen-74f7996c94-jmnlz","reducirimagen-74f7996c94-k7stm","reducirimagen-74f7996c94-k9ktx","reducirimagen-74f7996c94-kzmsm","reducirimagen-74f7996c94-lqtfv","reducirimagen-74f7996c94-m2qkf","reducirimagen-74f7996c94-m5ckd","reducirimagen-74f7996c94-mb5hr","reducirimagen-74f7996c94-nnl69","reducirimagen-74f7996c94-p2ff8","reducirimagen-74f7996c94-pbm64","reducirimagen-74f7996c94-pkh7j","reducirimagen-74f7996c94-qvclf","reducirimagen-74f7996c94-r5vwz","reducirimagen-74f7996c94-rdphq","reducirimagen-74f7996c94-rggqg","reducirimagen-74f7996c94-rwm97","reducirimagen-74f7996c94-shkjs","reducirimagen-74f7996c94-sw5wb","reducirimagen-74f7996c94-t4rdn","reducirimagen-74f7996c94-tgxtz","reducirimagen-74f7996c94-tw6nf","reducirimagen-74f7996c94-vqxfb","reducirimagen-74f7996c94-wf26z","reducirimagen-74f7996c94-wgmxg","reducirimagen-74f7996c94-x7svk","reducirimagen-74f7996c94-xfqkb","reducirimagen-74f7996c94-z89vg","reducirimagen-74f7996c94-zr26k"
2024-10-15 13:05:30,,,,,,,,,,,,,,,,,,,,,,,,,,,,,,,,,,,,,,,,,,,,0.00154%,,
2024-10-15 13:05:45,,,,,,,,,,,,,,,,,,,,,,,,,,,,,,,,,,,,,,,,,,,,0.802%,,
2024-10-15 13:06:00,,,,,,,,,,,,,,,,,,,,,,,,,,,,,,,,,,,,,,,,,,,,1.06%,,
2024-10-15 13:06:15,,,,,,,,,,,,,,,,,,,,,,,,,,,,,,,,,,,,,,,,,,,,0.824%,,
2024-10-15 13:06:30,,,,,,,,,,,,,,,,,,,,,,,,,,,,,,,,,,,,,,,,,,,,0.778%,,
2024-10-15 13:06:45,,,,,,,,,,,,,,,,,,,,,,,,,,,,,,,,,,,,,,,,,,,,1.04%,,
2024-10-15 13:07:00,,,,,,,,,,,,,,,,,,,,,,,,,,,,,,,,,,,,,,,,,,,,1.03%,,
2024-10-15 13:07:15,,,,,,,,,,,,,,,,,,,,,,,,,,,,,,,,,,,,,,,,,,,,0.503%,,
2024-10-15 13:07:30,,,,,,,,,,,,,,,,,,,,,,,,,,,,,,,,,,,,,,,,,,,,1.04%,,
2024-10-15 13:07:45,,,,,,,,,,,,,,,,,,,,,,,,,,,,,,,,,,,,,,,,,,,,0.773%,,
2024-10-15 13:08:00,,,,,,,,,,,,,,,,,,,,,,,,,,,,,,,,,,,,,,,,,,,,1.02%,,
2024-10-15 13:08:15,,,,,,,,,,,,,,,,,,,,,,,,,,,,,,,,,,,,,,,,,,,,1.02%,,
2024-10-15 13:08:30,,,,,,,,,,,,,,,,,,,,,,,,,,,,,,,,,,,,,,,,,,,,1.02%,,
2024-10-15 13:08:45,,,,,,,,,,,,,,,,,,,,,,,,,,,,,,,,,,,,,,,,,,,,1.01%,,
2024-10-15 13:09:00,,,,,,,,,,,,,,,,,,,,,,,,,,,,,,,,,,,,,,,,,,,,0.216%,,
2024-10-15 13:09:15,,,,,,,,,,,,,,,,,,,,,,,,,,,,,,,,,,,,,,,,,,,,1.06%,,
2024-10-15 13:09:45,,,,,,,,,,,,,,,,,,,,,,,,,,,,,,,,,,,,,,,,,,,,1.06%,,
2024-10-15 13:10:00,,,,,,,,,,,,,,,,,,,,,,,,,,,,,,,,,,,,,,,,,,,,0.606%,,
2024-10-15 13:10:15,,,,,,,,,,,,,,,,,,,,,,,,,,,,,,,,,,,,,,,,,,,,0.711%,,
2024-10-15 13:10:30,,,,,,,,,,,,,,,,,,,,,,,,,,,,,,,,,,,,,,,,,,,,0.800%,,
2024-10-15 13:10:45,,,,,,,,,,,,,,,,,,,,,,,,,,,,,,,,,,,,,,,,,,,,0.746%,,
2024-10-15 13:11:00,,,,,,,,,,,,,,,,,,,,,,,,,,,,,,,,,,,,,,,,,,,,0.397%,,
2024-10-15 13:11:15,,,,,,,,,,,,,,,,,,,,,,,,,,,,,,,,,,,,,,,,,,,,0.450%,,
2024-10-15 13:11:30,,,,,,,,,,,,,,,,,,,,,,,,,,,,,,,,,,,,,,,,,,,,0.612%,,
2024-10-15 13:11:45,,,,,,,,,,,,,,,,,,,,,,,,,,,,,,,,,,,,,,,,,,,,0.726%,,
2024-10-15 13:12:15,,,,,,,,,,,,,,,,,,,,,,,,,,,,,,,,,,,,,,,,,,,,1.04%,,
2024-10-15 13:12:30,,,,,,,,,,,,,,,,,,,,,,,,,,,,,,,,,,,,,,,,,,,,0.580%,,
2024-10-15 13:12:45,,,,,,,,,,,,,,,,,,,,,,,,,,,,,,,,,,,,,,,,,,,,0.511%,,
2024-10-15 13:13:00,,,,,,,,,,,,,,,,,,,,,,,,,,,,,,,,,,,,,,,,,,,,0.795%,,
2024-10-15 13:13:15,,,,,,,,,,,,,,,,,,,,,,,,,,,,,,,,,,,,,,,,,,,,1.02%,,
2024-10-15 13:13:30,,,,,,,,,,,,,,,,,,,,,,,,,,,,,,,,,,,,,,,,,,,,1.03%,,
2024-10-15 13:13:45,,,,,,,,,,,,,,,,,,,,,,,,,,,,,,,,,,,,,,,,,,,,1.02%,,
2024-10-15 13:14:00,,,,,,,,,,,,,,,,,,,,,,,,,,,,,,,,,,,,,,,,,,,,1.02%,,
2024-10-15 13:14:15,,,,,,,,,,,,,,,,,,,,,,,,,,,,,,,,,,,,,,,,,,,,1.03%,,
2024-10-15 13:14:30,,,,,,,,,,,,,,,,,,,,,,,,,,,,,,,,,,,,,,,,,,,,0.807%,,
2024-10-15 13:14:45,,,,,,,,,,,,,,,,,,,,,,,,,,,,,,,,,,,,,,,,,,,,1.03%,,
2024-10-15 13:15:00,,,,,,,,,,,,,,,,,,,,,,,,,,,,,,,,,,,,,,,,,,,,1.02%,,
2024-10-15 13:15:15,,,,,,,,,,,,,,,,,,,,,,,,,,,,,,,,,,,,,,,,,,,,0.788%,,
2024-10-15 13:15:30,,,,,,,,,,,,,,,,,,,,,,,,,,,,,,,,,,,,,,,,,,,,0.768%,,
2024-10-15 13:15:45,,,,,,,,,,,,,,,,,,,,,,,,,,,,,,,,,,,,,,,,,,,,0.754%,,
2024-10-15 13:16:00,,,,,,,,,,,,,,,,,,,,,,,,,,,,,,,,,,,,,,,,,,,,0.878%,,
2024-10-15 13:16:15,,,,,,,,,,,,,,,,,,,,,,,,,,,,,,,,,,,,,,,,,,,,0.936%,,
2024-10-15 13:16:30,,,,,,,,,,,,,,,,,,,,,,,,,,,,,,,,,,,,,,,,,,,,0.625%,,
2024-10-15 13:16:45,,,,,,,,,,,,,,,,,,,,,,,,,,,,,,,,,,,,,,,,,,,,0.628%,,
2024-10-15 13:17:00,,,,,,,,,,,,,,,,,,,,,,,,,,,,,,,,,,,,,,,,,,,,0.884%,,
2024-10-15 13:17:15,,,,,,,,,,,,,,,,,,,,,,,,,,,,,,,,,,,,,,,,,,,,0.774%,,
2024-10-15 13:17:30,,,,,,,,,,,,,,,,,,,,,,,,,,,,,,,,,,,,,,,,,,,,0.925%,,
2024-10-15 13:17:45,,,,,,,,,,,,,,,,,,,,,,,,,,,,,,,,,,,,,,,,,,,,0.116%,,
2024-10-15 13:18:00,,,,,,,,,,,,,,,,,,,,,,,,,,,,,,,,,,,,,,,,,,,,1.07%,,
2024-10-15 13:18:15,,,,,,,,,,,,,,,,,,,,,,,,,,,,,,,,,,,,,,,,,,,,0.685%,,
2024-10-15 13:18:30,,,,,,,,,,,,,,,,,,,,,,,,,,,,,,,,,,,,,,,,,,,,1.21%,,
2024-10-15 13:18:45,,,,0.599%,,,,,,,,,,,,,,,,,,,,,,,,,,,,,,,,,,,,,,,,0.977%,,
2024-10-15 13:19:00,,,,1.16%,,,,,,,,,,,,,,,,,,,,,,,,,,,,,,,,,,,,,,,,1.24%,,
2024-10-15 13:19:15,,,,0.592%,,,,,,,,,,,,,,,,,,,,,,,,,,,,,,,,,,,,,,,,1.03%,,
2024-10-15 13:19:30,,,,0.465%,,,,,,,,,,,,,,,,,,,,,,,,,,,,,,,,,,,,,,,1.21%,0.863%,,
2024-10-15 13:19:45,,,,0.733%,,,,,,,,,,,,,,,,,,,,,,,,,,,,,,,,,,,,,,,1.22%,0.809%,,
2024-10-15 13:20:00,,,,,,,,,,,,,,,,,,,,,,,,,,,,,,,,,,,,,,,,,,,0%,1.10%,,
2024-10-15 13:20:15,,,,0.630%,,,,,,,,,,,,,,,,,,,,,,,,,,0.474%,,,,,,,,,,,,,0.905%,0.693%,,
2024-10-15 13:20:30,,,,0.968%,,,,,,,,,,,,,,,,,,,,,,,,,,1.11%,,,,,,,,,,,,,1.22%,0.803%,,
2024-10-15 13:21:30,,,,0.248%,,,,,,,,,,,,,,,,,,,,,0.327%,,,,,,,,,,,,,,,,,,,0%,,
2024-10-15 13:24:00,,,,0.378%,,,,,,,,,,,,,,,,,,,,,0.132%,,,,,0.0889%,,,,,,,,,,,,,0.279%,0.439%,,
2024-10-15 13:24:30,,,,0.0909%,,,,,,,,,,,,,,,,,,,,,0.110%,,,,,0.254%,,,,,,,,,,,,,0.285%,0.283%,,
2024-10-15 13:27:30,,,,0.856%,,,,,,,,,,,,,,,,,,,,,1.01%,,,,,0.758%,,,,,,,,,,,,,1.01%,0.672%,,
2024-10-15 13:28:00,,,,0.126%,,,,,,,,,,,,,,,,,,,,,0.193%,,,,,0.281%,,,,,,,,,,,,,0.125%,0.231%,,
2024-10-15 13:28:15,,,,,,,,,,,,,,,,,,,,,,,,,,,,,,0.101%,,,,,,,,,,,,,0.110%,0.141%,,
2024-10-15 13:28:30,,,,,,,,,,,,,,,,,,,,,,,,,0.108%,,,,,,,,,,,,,,,,,,0.192%,,,
2024-10-15 13:29:00,,,,0.190%,,,,,,,,,,,,,,,,,,,,,0.226%,,,,,0.0856%,,,,,,,,,,,,,0.434%,0.217%,,
2024-10-15 13:29:15,,,,0%,,,,,,,,,,,,,,,,,,,,,0.0898%,,,,,0%,,,,,,,,,,,,,,0.126%,,
2024-10-15 13:29:30,,,,0.144%,,,,,,,,,,,,,,,,,,,,,0.322%,,,,,0.261%,,,,,,,,,,,,,0.172%,0.265%,,
2024-10-15 13:29:45,,,,,,,,,,,,,,,,,,,,,,,,,,,,,,,,,,,,,,,,,,,0%,,,
2024-10-15 13:30:00,,,,0.289%,,,,,,,,,,,,,,,,,,,,,0.286%,,,,,0.244%,,,,,,,,,,,,,0.133%,0.102%,,
2024-10-15 13:30:15,,,,,,,,,,,,,,,,,,,,,,,,,0%,,,,,0.232%,,,,,,,,,,,,,,0%,,
2024-10-15 13:30:30,,,,0.393%,,,,,,,,,,,,,,,,,,,,,0.140%,,,,,0.161%,,,,,,,,,,,,,0.0941%,0.295%,,
2024-10-15 13:30:45,,,,,,,,,,,,,,,,,,,,,,,,,0%,,,,,,,,,,,,,,,,,,,,,
2024-10-15 13:31:00,,,,0.631%,,,,,,,,,,,,,,,,,,,,,,,,,,0.555%,,,,,,,,,,,,,,,,
2024-10-15 13:32:45,,,,0.990%,,,,,,,,,,,,,,,,,,,,,0.912%,,,,,1.00%,,,,,,,,,,,,,0.783%,0.776%,,
2024-10-15 13:33:30,,,,0.382%,,,,,,,,,,,,,,,,,,,,,0.614%,,,,,0.438%,,,,,,,,,,,,,0.479%,1.00%,,
2024-10-15 13:33:45,,,,0.0731%,,,,,,,,,,,,,,,,,,,,,0.222%,,,,,0.153%,,,,,,,,,,,,,0.0498%,0.415%,,
2024-10-15 13:34:00,,,,,,,,,,,,,,,,,,,,,,,,,0.224%,,,,,0.101%,,,,,,,,,,,,,0.236%,0%,,
2024-10-15 13:34:15,,,,0.0850%,,,,,,,,,,,,,,,,,,,,,,,,,,0%,,,,,,,,,,,,,,0.123%,,
2024-10-15 13:34:30,,,,0.0558%,,,,,,,,,,,,,,,,,,,,,0.0805%,,,,,0.191%,,,,,,,,,,,,,0.184%,0.110%,,
2024-10-15 13:34:45,,,,0.0631%,,,,,,,,,,,,,,,,,,,,,0.210%,,,,,0.115%,,,,,,,,,,,,,0.274%,0.276%,,
2024-10-15 13:35:00,,,,0.0951%,,,,,,,,,,,,,,,,,,,,,0.181%,,,,,0.00997%,,,,,,,,,,,,,0.0801%,0.243%,,
2024-10-15 13:35:15,,,,0.154%,,,,,,,,,,,,,,,,,,,,,0.0322%,,,,,0.265%,,,,,,,,,,,,,0.224%,0.173%,,
2024-10-15 13:35:30,,,,0.139%,,,,,,,,,,,,,,,,,,,,,0.186%,,,,,0.221%,,,,,,,,,,,,,0.155%,0.261%,,
2024-10-15 13:35:45,,,,0.231%,,,,,,,,,,,,,,,,,,,,,0.198%,,,,,0.316%,,,,,,,,,,,,,0.265%,0.149%,,
2024-10-15 13:36:00,,,,0.299%,,,,,,,,,,,,,,,,,,,,,0.213%,,,,,0.368%,,,,,,,,,,,,,0.244%,0.0699%,,
2024-10-15 13:36:15,,,,0.0530%,,,,,,,,,,,,,,,,,,,,,,,,,,,,,,,,,,,,,,,0.105%,,,
2024-10-15 13:36:45,,,,,,,,,,,,,,,,,,,,,,,,,0.0812%,,,,,,,,,,,,,,,,,,,,,
2024-10-15 13:38:15,,,,0%,,,,,,,,,,,,,,,,,,,,,,,,,,0.400%,,,,,,,,,,,,,0.428%,,,
2024-10-15 13:41:15,,,,,,,,,,,,,,,,,,,,,,,,,,,,,,,,,,,,,,,,,,,,0.768%,,
2024-10-15 13:41:30,,,,,,,,,,,,,,,,,,,,,,,,,,,,,,,,,,,,,,,,,,,,0.883%,,
2024-10-15 13:41:45,,,,,,,,,,,,,,,,,,,,,,,,,,,,,,,,,,,,,,,,,,,,0.604%,,
2024-10-15 13:42:00,,,,,,,,,,,,,,,,,,,,,,,,,,,,,,,,,,,,,,,,,,,,0.362%,,
2024-10-15 13:42:15,,,,,,,,,,,,,,,,,,,,,,,,,,,,,,,,,,,,,,,,,,,,0.000659%,,
2024-10-15 13:42:30,,,,,,,,,,,,,,,,,,,,,,,,,,,,,,,,,,,,,,,,,,,,0.816%,,
2024-10-15 13:42:45,,,,,,,,,,,,,,,,,,,,,,,,,,,,,,,,,,,,,,,,,,,,0.941%,,
2024-10-15 13:43:00,,,,,,,,,,,,,,,,,,,,,,,,,,,,,,,,,,,,,,,,,0.101%,,,0.864%,,
2024-10-15 13:43:15,,,,,,,,,,,,,,,,,,,,,,,,,,,,,,,,,,,,,,,,,,,,1.06%,,
2024-10-15 13:43:30,,,,,,,,,,,,,,1.09%,,,,,,,,,,,,,,,,,,,,,,,,,,,,,,0.998%,,
2024-10-15 13:43:45,,,,,,,,,,,,,,1.11%,,,,,,,,,,,,,,,,,,,,,,,,,,,,,,0.978%,,
2024-10-15 13:44:00,,,,,,,,,,,,,,0.610%,,,,,,,0.0994%,,,,,,,,,,,,,,,,,,,,,,,0.729%,,
2024-10-15 13:44:15,,,,,,,,,,,,,,1.07%,,,,,,,1.00%,,,,,,,,,,,,,,,,,,,,,,,0.906%,,
2024-10-15 13:44:30,,,,,,,,,,,,,,1.07%,,,,,,,0.748%,,,,,,,,,,,,,,,,,,,,,,,0.748%,,
2024-10-15 13:44:45,,,,,,,,,,,,,,0.905%,,,,,,,1.12%,,,,,,,,,,,,,,,,,,,,,,,0.618%,,1.10%
2024-10-15 13:45:00,,,,,,,,,,,,,,,,,,,,,0.543%,,,,,,,,,,,,,,,,,,,,,,,,,0.678%
2024-10-15 13:46:00,,,,,,,,,,,0.320%,,,0.930%,,,,,,,0.817%,,,,,,,,,,,,,,,,,,,,,,,0.955%,,0.895%
2024-10-15 13:46:45,,,,,,,,,,,0%,,,,,,,,,,,,,,,,,,,,,,,,,,,,,,,,,,,0.246%
2024-10-15 13:47:00,,,,,,,,,,,0.142%,,,0.197%,,,,,,,0.154%,,,,,,,,,,,,,,,,,,,,,,,0.181%,,0.231%
2024-10-15 13:47:15,,,,,,,,,,,0.122%,,,0.259%,,,,,,,0.244%,,,,,,,,,,,,,,,,,,,,,,,0.241%,,0.176%
2024-10-15 13:47:30,,,,,,,,,,,0.207%,,,0.235%,,,,,,,0.248%,,,,,,,,,,,,,,,,,,,,,,,0.174%,,0.0612%
2024-10-15 13:47:45,,,,,,,,,,,0.241%,,,0.212%,,,,,,,0.226%,,,,,,,,,,,,,,,,,,,,,,,0.240%,,0.254%
2024-10-15 13:48:00,,,,,,,,,,,0.263%,,,0.257%,,,,,,,0.211%,,,,,,,,,,,,,,,,,,,,,,,0.161%,,0.111%
2024-10-15 13:48:15,,,,,,,,,,,,,,,,,,,,,0.282%,,,,,,,,,,,,,,,,,,,,,,,0.194%,,0%
2024-10-15 13:48:30,,,,,,,,,,,0.168%,,,0.238%,,,,,,,0.136%,,,,,,,,,,,,,,,,,,,,,,,0.124%,,0.129%
2024-10-15 13:48:45,,,,,,,,,,,0.212%,,,0.246%,,,,,,,0.169%,,,,,,,,,,,,,,,,,,,,,,,0.109%,,0.432%
2024-10-15 13:49:00,,,,,,,,,,,0.280%,,,0.209%,,,,,,,0.167%,,,,,,,,,,,,,,,,,,,,,,,0.211%,,0.232%
2024-10-15 13:49:15,,,,,,,,,,,,,,0%,,,,,,,,,,,,,,,,,,,,,,,,,,,,,,0.185%,,
2024-10-15 13:51:00,,,,,,,,,,,1.00%,,,1.01%,,,,,,,0.902%,,,,,,,,,,,,,,,,,,,,,,,0.497%,,0.290%
2024-10-15 13:51:15,,,,,,,,,,,0%,,,0.685%,,,,,,,,,,,,,,,,,,,,,,,,,,,,,,0.528%,,0.581%
2024-10-15 13:51:45,,,,,,,,,,,0.572%,,,0.570%,,,,,,,0.730%,,,,,,,,,,,,,,,,,,,,,,,0.557%,,0.662%
2024-10-15 13:52:15,,,,,,,,,,,0.0952%,,,0.335%,,,,,,,0.00350%,,,,,,,,,,,,,,,,,,,,,,,0.0121%,,0.306%
2024-10-15 13:52:30,,,,,,,,,,,,,,,,,,,,,,,,,,,,,,,,,,,,,,,,,,,,0.0893%,,
2024-10-15 13:52:45,,,,,,,,,,,,,,,,,,,,,,,,,,,,,,,,,,,,,,,,,,,,0.00136%,,
2024-10-15 13:53:00,,,,,,,,,,,,,,,,,,,,,,,,,,,,,,,,,,,,,,,,,,,,0.728%,,
2024-10-15 13:53:15,,,,,,,,,,,,,,,,,,,,,,,,,,,,,,,,,,,,,,,,,,,,0.403%,,
2024-10-15 13:53:30,,,,,,,,,,,,,,,,,,,,,,,0.232%,,,,,,,,,,,,,,,,,,,,,0.596%,,
2024-10-15 13:53:45,,,,,,,,,,,,,,,,,,,,,,,0.665%,,,,,,,,,,,,,,,,,,,,,0.324%,,
2024-10-15 13:54:00,,,,,,,,,,,,,,,,,,,,,,,0.640%,,,,,,,,,,,,,,,,,,,,,0.475%,,
2024-10-15 13:54:15,,,,,,,,,,,,,,,,,,,,,,,0.437%,,,,,,,,,,,,,,,,,,,,,0.130%,0.528%,
2024-10-15 13:54:45,,,0.226%,,,,,,,,,,,,,,,,,,,,0.229%,,,,,,,,,,,,,,,,,,,,,0.0989%,0.308%,
2024-10-15 13:55:15,,,,,,,,,,,,,,,,,,,,,,,0.310%,,,,,,,,,,,,,,,,,,,0%,,,,
2024-10-15 13:57:15,,,0.896%,,,,,,,,,,,,,,,,,,,,1.01%,,,,,,,,,,,,,,,,,,,1.01%,,0.769%,0.236%,
2024-10-15 13:57:30,,,1.01%,,,,,,,,,,,,,,,,,,,,,,,,,,,,,,,,,,,,,,,0.732%,,0.999%,0.510%,
2024-10-15 13:57:45,,,0.954%,,,,,,,,,,,,,,,,,,,,0.432%,,,,,,,,,,,,,,,,,,,0.950%,,0.734%,0.444%,
2024-10-15 13:58:00,,,1.03%,,,,,,,,,,,,,,,,,,,,1.07%,,,,,,,,,,,,,,,,,,,0%,,0.997%,0.592%,
2024-10-15 13:58:15,,,1.24%,,,,,,,,,,,,,,,,,,,,0.986%,,,,,,,,,,,,,,,,,,,1.18%,,0.286%,1.18%,
2024-10-15 13:58:30,,,0.145%,,,,,,,,,,,,,,,,,,,,0.0186%,,,,,,,,,,,,,,,,,,,0.0255%,,0.00614%,0.00368%,
2024-10-15 13:58:45,,,,,,,,,,,,,,,,,,,,,,,,,,,,,,,,,,,,,,,,,,,,0.0591%,,
2024-10-15 13:59:00,,,,,,,,,,,,,,,,,,,,,,,,,,,,,,,,,,,,,,,,,,,,0.00152%,,
2024-10-15 13:59:15,,,,,,,,,,,,,,,,,,,,,,,,,,,,,,,,,,,,,,,,,,,,0.295%,,
2024-10-15 13:59:30,,,,,,,,,,,,,,,,,,,,,,,,,,,,,,,,,,,,,,,,,,,,0.718%,,
2024-10-15 13:59:45,,,,,,,,,,,,,,,,,,,,,,,,,,,,,,,,,,,,,,,,,,,,0.478%,,
2024-10-15 14:00:00,,,,,,,,,,,,,,,,,,,,,,,,,,,,,,,,,,,,,,,,,,,,0.0359%,,
2024-10-15 14:00:15,,,,,,,,,,,,,,,,,,,,,,,,,,,,,,,,,,,,,,,,,,,,0.00138%,,
2024-10-15 14:00:30,,,,,,,,,,,,,,,,,,,,,,,,,,,,,,,,,,,,,,,,,,,,0.597%,,
2024-10-15 14:00:45,,,,,,,,,,,,,,,,,,,,,,,,,,,,,,,,,,,,,,,,,,,,0.766%,,
2024-10-15 14:01:00,,,,,,,,,,,,,,,,,,,,,,,,,,,,,,,,,,,,0.337%,,,,,,,,0.311%,,
2024-10-15 14:01:15,,,,,,,,,,,,,,,,,,,,,,,,,,,,,,,,,,,,,,,,,,,,0.000678%,,
2024-10-15 14:01:30,,,,,,,,,,,,,,,,,,,,,,,,,,,,,,,,,,,,,,,,,,,,0.575%,,
2024-10-15 14:01:45,,,,,,,,,,,,,,,,,,,,,,,,,,,,,,,,,,,,,,,,,,,,1.03%,,
2024-10-15 14:02:00,,,,,,,,,,,,,,,,,,,,,,,,,,,,,,,,,,,,,,,,,,,,1.03%,,
2024-10-15 14:02:15,,,,,,,,,,,,,,,,,,,,,,,,,,,,,,,,,,,,,,,,,,,,0.580%,,
2024-10-15 14:02:30,,,,,,,,,,,,,,,,,,,,,,,,,,,,,,,,,,,,,,,,,,,,1.02%,,
2024-10-15 14:02:45,,,,,,,,,,,,,,,,,,,,,,,,,,,,,,,,,,,,,,,,,,,,1.02%,,
2024-10-15 14:03:00,,,,,,,,,,,,,,,,,,,,,,,,,,,,,,,,,,,,,,,,,,,,1.02%,,
2024-10-15 14:03:15,,,,,,,,,,,,,,,,,,,,,,,,,,,,,,,,,,,,,,,,,,,,0.826%,,
2024-10-15 14:03:30,,,,,,,,,,,,,,,,,,,,,,,,,,,,,,,,,,,,,,,,,,,,1.02%,,
2024-10-15 14:03:45,,,,,,,,,,,,,,,,,,,,,,,,,,,,,,,,,,,,,,,,,,,,0.797%,,
2024-10-15 14:04:00,,,,,,,,,,,,,,,,,,,,,,,,,,,,,,,,,,,,,,,,,,,,1.02%,,
2024-10-15 14:04:15,,,,,,,,,,,,,,,,,,,,,,,,,,,,,,,,,,,,,,,,,,,,1.02%,,
2024-10-15 14:04:30,,,,,,,,,,,,,,,,,,,,,,,,,,,,,,,,,,,,,,,,,,,,0.821%,,
2024-10-15 14:04:45,,,,,,,,,,,,,,,,,,,,,,,,,,,,,,,,,,,,,,,,,,,,1.00%,,
2024-10-15 14:05:00,,,,,,,,,,,,,,,,,,,,,,,,,,,,,,,,,,,,,,,,,,,,0.652%,,
2024-10-15 14:05:15,,,,,,,,,,,,,,,,,,,,,,,,,,,,,,,,,,,,,,,,,,,,0.514%,,
2024-10-15 14:05:30,,,,,,,,,,,,,,,,,,,,,,,,,,,,,,,,,,,,,,,,,,,,0.662%,,
2024-10-15 14:05:45,,,,,,,,,,,,,,,,,,,,,,,,,,,,,,,,,,,,,,,,,,,,0.855%,,
2024-10-15 14:06:00,,,,,,,,,,,,,,,,,,,,,,,,,,,,,,,,,,,,,,,,,,,,0.702%,,
2024-10-15 14:06:15,,,,,,,,,,,,,,,,,,,,,,,,,,,,,,,,,,,,,,,,,,,,0.814%,,
2024-10-15 14:06:30,,,,,,,,,,,,,,,,,,,,,,,,,,,,,,,,,,,,,,,,,,,,0.742%,,
2024-10-15 14:06:45,,,,,,,,,,,,,,,,,,,,,,,,,,,,,,,,,,,,,,,,,,,,0.790%,,
2024-10-15 14:07:00,,,,,,,,,,,,,,,,,,,,,,,,,,,,,,,,,,,,,,,,,,,,0.673%,,
2024-10-15 14:07:15,,,,,,,,,,,,,,,,,,,,,,,,,,,,,,,,,,,,,,,,,,,,1.10%,,
2024-10-15 14:07:30,,,,,,,,,,,,,,,,,,,,,,,,,,,,,,,,,,,,,,,,,,,,0.677%,,
2024-10-15 14:07:45,,,,,,,,,,,,,,,,,,,,,,,,,,,,,,,,,,,,,,,,,,,,0.425%,,
2024-10-15 14:08:00,,,,,,,,,,,,,,,,,,,,,,,,,,,,,,,,,,,,,,,,,,,,0.698%,,
2024-10-15 14:08:15,,,,,,,,,,,,,,,,,,,,,,,,,,,,,,,,,,,,,,,,,,,,0.827%,,
2024-10-15 14:08:30,,,,,,,,,,,,,,,,,,,,,,,,,,,,,,,,,,,,,,,,,,,,1.02%,,
2024-10-15 14:08:45,,,,,,,,,,,,,,,,,,,,,,,,,,,,,,,,,,,,,,,,,,,,1.03%,,
2024-10-15 14:09:00,,,,,,,,,,,,,,,,,,,,,,,,,,,,,,,,,,,,,,,,,,,,1.02%,,
2024-10-15 14:09:15,,,,,,,,,,,,,,,,,,,,,,,,,,,,,,,,,,,,,,,,,,,,1.03%,,
2024-10-15 14:09:30,,,,,,,,,,,,,,,,,,,,,,,,,,,,,,,,,,,,,,,,,,,,1.02%,,
2024-10-15 14:09:45,,,,,,,,,,,,,,,,,,,,,,,,,,,,,,,,,,,,,,,,,,,,1.03%,,
2024-10-15 14:10:00,,,,,,,,,,,,,,,,,,,,,,,,,,,,,,,,,,,,,,,,,,,,1.02%,,
2024-10-15 14:10:15,,,,,,,,,,,,,,,,,,,,,,,,,,,,,,,,,,,,,,,,,,,,1.02%,,
2024-10-15 14:10:30,,,,,,,,,,,,,,,,,,,,,,,,,,,,,,,,,,,,,,,,,,,,1.02%,,
2024-10-15 14:10:45,,,,,,,,,,,,,,,,,,,,,,,,,,,,,,,,,,,,,,,,,,,,1.02%,,
2024-10-15 14:11:00,,,,,,,,,,,,,,,,,,,,,,,,,,,,,,,,,,,,,,,,,,,,1.02%,,
2024-10-15 14:11:15,,,,,,,,,,,,,,,,,,,,,,,,,,,,,,,,,,,,,,,,,,,,0.724%,,
2024-10-15 14:11:30,,,,,,,,,,,,,,,,,,,,,,,,,,,,,,,,,,,,,,,,,,,,0.544%,,
2024-10-15 14:11:45,,,,,,,,,,,,,,,,,,,,,,,,,,,,,,,,,,,,,,,,,,,,0.767%,,
2024-10-15 14:12:00,,,,,,,,,,,,,,,,,,,,,,,,,,,,,,,,,,,,,,,,,,,,0.872%,,
2024-10-15 14:12:15,,,,,,,,,,,,,,,,,,,,,,,,,,,,,,,,,,,,,,,,,,,,0.657%,,
2024-10-15 14:12:30,,,,,,,,,,,,,,,,,,,,,,,,,,,,,,,,,,,,,,,,,,,,0.622%,,
2024-10-15 14:12:45,,,,,,,,,,,,,,,,,,,,,,,,,,,,,,,,,,,,,,,,,,,,0.538%,,
2024-10-15 14:13:00,,,,,,,,,,,,,,,,,,,,,,,,,,,,,,,,,,,,,,,,,,,,0.961%,,
2024-10-15 14:13:15,,,,,,,,,,,,,,,,,,,,,,,,,,,,,,,,,,,,,,,,,,,,0.735%,,
2024-10-15 14:13:30,,,,,,,,,,,,,,,,,,,,,,,,,,,,,,,,,,,,,,,,,,,,0.658%,,
2024-10-15 14:13:45,,,,,,,,,,,,,,,,,,,,,,,,,,,,,,,,,,,,,,,,,,,,0.700%,,
2024-10-15 14:14:00,,,,,,,,,,,,,,,,,,,,,,,,,,,,,,,,,,,,,,,,,,,,0.537%,,
2024-10-15 14:14:15,,,,,,,,,,,,,,,,,,,,,,,,,,,,,,,,,,,,,,,,,,,,0.439%,,
2024-10-15 14:14:30,,,,,,,,,,,,,,,,,,,,,,,,,,,,,,,,,,,,,,,,,,,,1.13%,,
2024-10-15 14:14:45,,,,,,,,,,,,,,,,,0.542%,,,,,,,,,,,,,,,,,,,,,,,,,,,0.834%,,
2024-10-15 14:15:00,,,,,,,,,,,,,,,,,0.830%,,,,,,,,,,,,,,,,,,,,,,,,,,,0.899%,,
2024-10-15 14:15:15,,,,,,,,,,,,,,,,,1.14%,,,,,,,,,,,,,,,,,,,,,,,,,,,0.983%,,
2024-10-15 14:15:30,,,,,,,,,,1.20%,,,,,,,0.766%,,,,,,,,,,,,,,,,,,,,,,,,,,,0.761%,,
2024-10-15 14:15:45,,,,,,,,,,1.10%,,,,,,,1.04%,,,,,,,,,,,,,,,,,,,,,,,,,,,0.886%,,
2024-10-15 14:16:00,,,,,,,,,,,,,,,,,,,,,,,,,,,,,,,,,,,,,,,,,,,,0.479%,,
2024-10-15 14:16:15,,,,,,,,,0%,,,,,,,,0.752%,,,,,,,,,,,,,,,,,,,,,,,,,,,,,
2024-10-15 14:16:30,,,,,,,,,0%,0%,,,,,,,0%,,,,,,,,,,,,,,,,,,,,,,,,,,,0.615%,,
2024-10-15 14:17:15,,,,,,,,,0.894%,,,,,,,,,,,,,,,,,,,,,,,,,,,,,,,,,,,,,
2024-10-15 14:17:30,,,,,,,,,0.371%,0.323%,,,,,,,0.320%,,,,,,,,,,,,,,,,,,,,,,,,,,,0.284%,,
2024-10-15 14:17:45,,,,,,,,0%,0.437%,,,,,,,,0.404%,,,,,,,,,,,,,,,,,,,,,,,,,,,0.314%,,
2024-10-15 14:18:00,,,,,,,,0.383%,0.392%,0.379%,,,,,,,0.266%,,,,,,,,,,,,,,,,,,,,,,,,,,,0.297%,,
2024-10-15 14:18:15,,,,,,,,0.307%,0.391%,0.575%,,,,,,,0.339%,,,,,,,,,,,,,,,,,,,,,,,,,,,0.261%,,
2024-10-15 14:18:30,,,,,,,,0.273%,0.322%,0.310%,,,,,,,0.198%,,,,,,,,,,,,,,,,,,,,,,,,,,,0.248%,,
2024-10-15 14:18:45,,,,,,,,0.455%,0.354%,0.272%,,,,,,,0.358%,,,,,,,,,,,,,,,,,,,,,,,,,,,0.305%,,
2024-10-15 14:19:00,,,,,,,,0.295%,0.365%,0.278%,,,,,,,0.196%,,,,,,,,,,,,,,,,,,,,,,,,,,,0.133%,,
2024-10-15 14:19:15,,,,,,,,,,,,,,,,,0%,,,,,,,,,,,,,,,,,,,,,,,,,,,0.136%,,
2024-10-15 14:19:30,,,,,,,,0.268%,0.377%,0.361%,,,,,,,0.352%,,,,,,,,,,,,,,,,,,,,,,,,,,,0.176%,,
2024-10-15 14:19:45,,,,,,,,0.291%,0.316%,0.383%,,,,,,,0.293%,,,,,,,,,,,,,,,,,,,,,,,,,,,0.288%,,
2024-10-15 14:20:00,,,,,,,,0.357%,0.214%,0.321%,,,,,,,0.322%,,,,,,,,,,,,,,,,,,,,,,,,,,,0.333%,,
2024-10-15 14:20:15,,,,,,,,0.477%,0.211%,0.255%,,,,,,,0.359%,,,,,,,,,,,,,,,,,,,,,,,,,,,0.292%,,
2024-10-15 14:20:30,,,,,,,,0.315%,0.257%,0.409%,,,,,,,0.340%,,,,,,,,,,,,,,,,,,,,,,,,,,,0.243%,,
2024-10-15 14:20:45,,,,,,,,1.01%,0.213%,1.02%,,,,,,,1.02%,,,,,,,,,,,,,,,,,,,,,,,,,,,0.146%,,
2024-10-15 14:21:00,,,,,,,,0.804%,0.914%,0.997%,,,,,,,1.01%,,,,,,,,,,,,,,,,,,,,,,,,,,,0.992%,,
2024-10-15 14:21:15,,,,,,,,,1.00%,0.804%,,,,,,,0.915%,,,,,,,,,,,,,,,,,,,,,,,,,,,0.386%,,
2024-10-15 14:21:30,,,,,,,,0.802%,0.577%,1.00%,,,,,,,0.977%,,,,,,,,,,,,,,,,,,,,,,,,,,,0.684%,,
2024-10-15 14:21:45,,,,,,,,0.686%,1.06%,0.799%,,,,,,,0.469%,,,,,,,,,,,,,,,,,,,,,,,,,,,0.650%,,
2024-10-15 14:22:00,,,,,,,,0.898%,0.338%,0.394%,,,,,,,0.500%,,,,,,,,,,,,,,,,,,,,,,,,,,,0.103%,,
2024-10-15 14:22:15,,,,,,,,,,,,,,,,,,,,,,,,,,,,,,,,,,,,,,,,,,,,1.02%,,
2024-10-15 14:22:30,,,,,,,,,,,,,,,,,,,,,,,,,,,,,,,,,,,,,,,,,,,,0.760%,,
2024-10-15 14:22:45,,,,,,,,,,,,,,,,,,,,,,,,,,,,,,,,,,,,,,,,,,,,1.03%,,
2024-10-15 14:23:00,,,,,,,,,,,,,,,,,,,,,,,,,,,,,,,,,,,,,,,,,,,,1.02%,,
2024-10-15 14:23:15,,,,,,,,,,,,,,,,,,,,,,,,,,,,,,,,,,,,,,,,,,,,1.03%,,
2024-10-15 14:23:30,,,,,,,,,,,,,,,,,,,,,,,,,,,,,,,,,,,,,,,,,,,,1.03%,,
2024-10-15 14:23:45,,,,,,,,,,,,,,,,,,,,,,,,,,,,,,,,,,,,,,,,,,,,0.0512%,,
2024-10-15 14:24:00,,,,,,,,,,,,,,,,,,,,,,,,,,,,,,,,,,,,,,,,,,,,0.794%,,
2024-10-15 14:24:15,,,,,,,,,,,,,,,,,,,,,,,,,,,,,,,,,,,,,,,,,,,,0.833%,,
2024-10-15 14:24:30,,,,,,,,,,,,,,,,,,,,,,,,,,,,,,,,,,,,,,,,,,,,0.786%,,
2024-10-15 14:24:45,,,,,,,,,,,,,,,,,,,,,,,,,,,,,,,,,,,,,,,,,,,,0.820%,,
2024-10-15 14:25:00,,,,,,,,,,,,,,,,,,,,,,,,,,,,,,,,,,,,,,,,,,,,0.590%,,
2024-10-15 14:25:15,,,,,,,,,,,,,,,,,,,,,,,,,,,,,,,,,,,,,,,,,,,,0.822%,,
2024-10-15 14:25:30,,,,,,,,,,,,,,,,,,,,,,,,,,,,,,,,,,,,,,,,,,,,0.690%,,
2024-10-15 14:25:45,,,,,,,,,,,,,,,,,,,,,,,,,,,,,,,,,,,,,,,,,,,,0.524%,,
2024-10-15 14:26:00,,,,,,,,,,,,,,,,,,,,,,,,,,,,,,,,,,,,,,,,,,,,0.407%,,
2024-10-15 14:26:15,,,,,,,,,,,,,,,,,,,,,,,,,,,,,,,,,,,,,,,,,,,,0.723%,,
2024-10-15 14:26:30,,,,,,,,,,,,,,,,,,,,,,,,,,,,,,,,,,,,,,,,,,,,0.223%,,
2024-10-15 14:26:45,,,,,,,,,,,,,,,,,,,,,,,,,,,,,,,,,,,,,,,,,,,,0.883%,,
2024-10-15 14:27:00,,,,,,,,,,,,,,,,,,,,,,,,,,,,,,,,,,,,,,,,,,,,1.14%,,
2024-10-15 14:27:15,,,,,,,,,,,,,,,,,,,,,,,,1.16%,,,,,,,,,,,,,,,,,,,,0.470%,,
2024-10-15 14:27:30,,,,,,,,,,,,,,,,,,,,,,,,1.43%,,,,,,,,,,,,,,,,,,,,0.902%,,
2024-10-15 14:27:45,,,,,,,,,,,,,,,,,,,,,,,,1.09%,,,,,,,,,,,,,,,0%,,,,,0.789%,,
2024-10-15 14:28:00,,,,,,,,,,,,,,,,,,,,,,,,0.912%,,,,,,,,,,,,,,,1.14%,,,,,0.938%,,
2024-10-15 14:28:15,,,,,,,,,,,,,,,,,,,,,,,,1.10%,,,,,,,,,,,,,,,1.67%,,,,,0.419%,,
2024-10-15 14:28:30,,,,,,,,,,,,,,,1.04%,,,,,,,,,0.280%,,,,,,,,,,,,,,,0.725%,,,,,0.842%,,
2024-10-15 14:28:45,,,,,,,,,,,,,,,1.08%,,,,,,,,,1.04%,,,,,,,,,,,,,,,0.933%,,,,,0.993%,,
2024-10-15 14:29:00,,,,,,,,,,,,,,,1.11%,,,,,,,,,0%,,,,,,,,,,,,,,,,,,,,0.549%,,
2024-10-15 14:29:45,,,,,,0.921%,,,,,,,,,0.739%,,,,,,,,,0.838%,,,,,,,,,,,,,,,0.857%,,,,,0.803%,,
2024-10-15 14:30:00,,,,,,0.413%,,,,,,,,,0.450%,,,,,,,,,0.535%,,,,,,,,,,,,,,,0.479%,,,,,0.284%,,
2024-10-15 14:30:15,,,,,,0.517%,,,,,,,,,0.302%,,,,,,,,,0.269%,,,,,,,,,,,,,,,0.375%,,,,,0.372%,,
2024-10-15 14:30:30,,,,,,0.401%,,,,,,,,,0.343%,,,,,,,,,0.446%,,,,,,,,,,,,,,,0.305%,,,,,0.313%,,
2024-10-15 14:30:45,,,,,,0.287%,,,,,,,,,0.210%,,,,,,,,,0.463%,,,,,,,,,,,,,,,0.471%,,,,,0.136%,,
2024-10-15 14:31:00,,,,,,0.304%,,,,,,,,,0.286%,,,,,,,,,0.449%,,,,,,,,,,,,,,,0.324%,,,,,0.318%,,
2024-10-15 14:31:15,,,,,,0.234%,,,,,,,,,0.182%,,,,,,,,,0.319%,,,,,,,,,,,,,,,0.399%,,,,,0.234%,,
2024-10-15 14:31:30,,,,,,0.195%,,,,,,,,,0.329%,,,,,,,,,0.378%,,,,,,,,,,,,,,,0.362%,,,,,0.398%,,
2024-10-15 14:31:45,,,,,,0.333%,,,,,,,,,0.314%,,,,,,,,,0.260%,,,,,,,,,,,,,,,0.282%,,,,,0.249%,,
2024-10-15 14:32:00,,,,,,0.224%,,,,,,,,,0.268%,,,,,,,,,0.142%,,,,,,,,,,,,,,,0.388%,,,,,0.368%,,
2024-10-15 14:32:30,,,,,,0.455%,,,,,,,,,0.332%,,,,,,,,,0.307%,,,,,,,,,,,,,,,0.362%,,,,,0.416%,,
2024-10-15 14:32:45,,,,,,0.309%,,,,,,,,,0.309%,,,,,,,,,0.140%,,,,,,,,,,,,,,,0.128%,,,,,0.280%,,
2024-10-15 14:33:00,,,,,,0.386%,,,,,,,,,,,,,,,,,,,,,,,,,,,,,,,,,0.194%,,,,,0.350%,,
2024-10-15 14:33:30,,,,,,0.482%,,,,,,,,,0.307%,,,,,,,,,0.297%,,,,,,,,,,,,,,,1.03%,,,,,0.487%,,
2024-10-15 14:34:15,,,,,,0.415%,,,,,,,,,1.00%,,,,,,,,,0.844%,,,,,,,,,,,,,,,0.763%,,,,,0.993%,,
2024-10-15 14:35:45,,,,,,0.600%,,,,,,,,,0.839%,,,,,,,,,0.874%,,,,,,,,,,,,,,,0.566%,,,,,0.559%,,
2024-10-15 14:36:00,,,,,,0.359%,,,,,,,,,0.178%,,,,,,,,,0.136%,,,,,,,,,,,,,,,0.184%,,,,,0.140%,,
2024-10-15 14:36:15,,,,,,0.266%,,,,,,,,,0.142%,,,,,,,,,0.153%,,,,,,,,,,,,,,,0.257%,,,,,0.230%,,
2024-10-15 14:36:30,,,,,,0.161%,,,,,,,,,0.236%,,,,,,,,,0.195%,,,,,,,,,,,,,,,0.279%,,,,,0.210%,,
2024-10-15 14:36:45,,,,,,0.180%,,,,,,,,,0.161%,,,,,,,,,0.246%,,,,,,,,,,,,,,,0.202%,,,,,0.200%,,
2024-10-15 14:37:00,,,,,,0.246%,,,,,,,,,0.183%,,,,,,,,,0.209%,,,,,,,,,,,,,,,0.117%,,,,,0.184%,,
2024-10-15 14:37:15,,,,,,0.169%,,,,,,,,,0.282%,,,,,,,,,0.183%,,,,,,,,,,,,,,,0.299%,,,,,0.185%,,
2024-10-15 14:37:30,,,,,,0.217%,,,,,,,,,0.218%,,,,,,,,,0.122%,,,,,,,,,,,,,,,0.284%,,,,,0.187%,,
2024-10-15 14:37:45,,,,,,0.232%,,,,,,,,,0.260%,,,,,,,,,0.120%,,,,,,,,,,,,,,,0.249%,,,,,0.114%,,
2024-10-15 14:38:00,,,,,,0.124%,,,,,,,,,0.285%,,,,,,,,,0.148%,,,,,,,,,,,,,,,0.162%,,,,,0.124%,,
2024-10-15 14:38:15,,,,,,0.132%,,,,,,,,,0.0782%,,,,,,,,,0.256%,,,,,,,,,,,,,,,0.270%,,,,,0.219%,,
2024-10-15 14:38:30,,,,,,0.258%,,,,,,,,,0.227%,,,,,,,,,0.158%,,,,,,,,,,,,,,,0.125%,,,,,0.207%,,
2024-10-15 14:38:45,,,,,,0.231%,,,,,,,,,0.160%,,,,,,,,,0.225%,,,,,,,,,,,,,,,0.248%,,,,,0.113%,,
2024-10-15 14:39:00,,,,,,0.215%,,,,,,,,,0.198%,,,,,,,,,0.0779%,,,,,,,,,,,,,,,0.130%,,,,,0.193%,,
2024-10-15 14:39:30,,,,,,0.802%,,,,,,,,,0.511%,,,,,,,,,1.01%,,,,,,,,,,,,,,,0.713%,,,,,1.01%,,
2024-10-15 14:39:45,,,,,,0%,,,,,,,,,,,,,,,,,,0.886%,,,,,,,,,,,,,,,,,,,,0.995%,,
2024-10-15 14:40:15,,,,,,0.753%,,,,,,,,,,,,,,,,,,1.01%,,,,,,,,,,,,,,,,,,,,,,
2024-10-15 14:41:00,,,,,,,,,,,,,,,,,,,,,,,,0.496%,,,,,,,,,,,,,,,,,,,,0.191%,,
2024-10-15 14:41:30,,,,,,0.753%,,,,,,,,,1.02%,,,,,,,,,0.862%,,,,,,,,,,,,,,,0.564%,,,,,0.612%,,
2024-10-15 14:42:00,,,,,,0.494%,,,,,,,,,0.459%,,,,,,,,,0.654%,,,,,,,,,,,,,,,1.02%,,,,,0.597%,,
2024-10-15 14:42:15,,,,,,0.169%,,,,,,,,,0.0573%,,,,,,,,,0.164%,,,,,,,,,,,,,,,0.118%,,,,,0.254%,,
2024-10-15 14:42:30,,,,,,,,,,,,,,,,,,,,,,,,,,,,,,,,,,,,,,,,,,,,0.0564%,,
2024-10-15 14:42:45,,,,,,,,,,,,,,,,,,,,,,,,,,,,,,,,,,,,,,,,,,,,0.00129%,,
2024-10-15 14:43:00,,,,,,,,,,,,,,,,,,,,,,,,,,,,,,,,,,,,,,,,,,,,0.595%,,
2024-10-15 14:43:15,,,,,,,,,,,,,,,,,,,,,,,,,,,,,,,,,,,,,,,,,,,,0.928%,,
2024-10-15 14:43:30,,,,,,,,,,,,,,,,0.708%,,,,,,,,,,,,,,,,,,,,,,,,,,,,0.420%,,
2024-10-15 14:43:45,,,,,,,,,,,,,,,,0.528%,,,,,,,,,,,,,,,,,,,,,,,,,,,,0.385%,,
2024-10-15 14:44:00,,,,,,,,,,,,,,,,0.461%,,,,,,,,,,,,,,,,0.800%,,,,,,,,,,,,0.339%,,
2024-10-15 14:44:15,,,,,,,,,,,,,,,,0.325%,,,,,,,,,,,,,,,,0.176%,,,,,,,,,,,,0.329%,,
2024-10-15 14:44:30,0%,,,,,,,,,,,,,,,0.312%,,,,,,,,,,,,,,,,0.327%,,,,,,,,,,,,0.210%,,
2024-10-15 14:44:45,0.335%,,,,,,,,,,,,,,,0.274%,,,,,,,,,,,,,,,,0.316%,,,,,,,,,,,,0.184%,,
2024-10-15 14:45:00,0.348%,,,,,,,,,,,,,,,0.150%,,,,,,,,,,,,,,,,0.229%,,,,,,,,,,,,0.213%,,
2024-10-15 14:45:15,0%,,,,,,,,,,,,,,,,,,,,,,,,,,,,,,,,,,,,,,,,,,,0%,,
2024-10-15 14:45:30,1.01%,,,,,,,,,,,,,,,0.537%,,,,,,,,,,,,,,,,0.731%,0.475%,,,,,,,,,,,0.450%,,
2024-10-15 14:45:45,1.04%,,,,,,,,,,,,,,,1.02%,,,,,,,,,,,,,,,,0.443%,1.000%,,,,,,,,,,,0.576%,,
2024-10-15 14:46:30,1.01%,,,,,,,,,,,,,,,1.02%,,,,,,,,,,,,,,,,1.02%,0.602%,,,,,,,,,,,1.00%,,
2024-10-15 14:46:45,0.992%,,,,,,,,,,,,,,,1.10%,,,,,,,,,,,,,,,,0.998%,0.860%,,,,,,,,,,,0.994%,,
2024-10-15 14:47:45,1.01%,,,,,,,,,,,,,,,1.01%,,,,,,,,,,,,,,,,0.552%,0.998%,,,,,,,,,,,1.01%,,
2024-10-15 14:48:15,0.201%,,,,,,,,,,,,,,,0.282%,,,,,,,,,,,,,,,,0.00799%,0.480%,,,,,,,,,,,0.741%,,
2024-10-15 14:48:30,,,,,,,,,,,,,,,,,,,,,,,,,,,,,,,,,0.0870%,,,,,,,,,,,0.266%,,
2024-10-15 14:48:45,,,,,,,,,,,,,,,,,,,,,,,,,,,,,,,,,,,,,,,,,,,,0.00149%,,
2024-10-15 14:49:00,,,,,,,,,,,,,,,,,,,,,,,,,,,,,,,,,,,,,,,,,,,,0.00440%,,
2024-10-15 14:49:15,,,,,,,,,,,,,,,,,,,,,,,,,,,,,,,,,,,,,,,,,,,,0.711%,,
2024-10-15 14:49:30,,,,,,,,,,,,,,,,,,,,,,,,,,,,,,,,,,,,,,,,,,,,0.856%,,
2024-10-15 14:49:45,,,,,,,,,,,,,,,,,,,,,,,,,,,,,,,,,,,,,,,,,,,,0.0479%,,
2024-10-15 14:50:00,,,,,,,,,,,,,,,,,,,,,,,,,,,,,,,,,,,,,,,,,,,,0.00152%,,
2024-10-15 14:50:15,,,,,,,,,,,,,,,,,,,,,,,,,,,,,,,,,,,,,,,,,,,,0.839%,,
2024-10-15 14:50:30,,,,,,,,,,,,,,,,,,,,,,,,,,,,,,,,,,,,,,,,,,,,0.689%,,
2024-10-15 14:50:45,,,,,,,,,,,,,0.686%,,,,,,,,,,,,,,,,,,,,,,,,,,,,,,,0.619%,,
2024-10-15 14:51:00,,,,,,,,,,,,,,,,,,,,,,,,,,,,,,,,,,,,,,,,,,,,0.392%,,
2024-10-15 14:51:15,,,,,,,,,,,,,,,,,,,,,,,,,,,,,,,,,,,,,,,,,,,,0.633%,,
2024-10-15 14:51:30,,,,,0.278%,,,,,,,,,,,,,,,,,,,,,,,,,,,,,,,,,,,,,,,0.552%,,
2024-10-15 14:51:45,,,,,,,,,,,,,,,,,,,,,,,,,,,,,,,,,,,,,,,,,,,,1.02%,,
2024-10-15 14:52:00,,,,,,,,,,,,,,,,,,,,,,,,,,,,,,,,,,,,,,,,,,,,1.06%,,
2024-10-15 14:52:15,,,,,,,,,,,,,,,,,,,,,,,,,,,,,,,,,,,,,,,,,,,,1.02%,,
2024-10-15 14:52:30,,,,,,,,,,,,,,,,,,,,,,,,,,,,,,,,,,,,,,,,,,,,1.05%,,
2024-10-15 14:52:45,,,,,,,,,,,,,,,,,,,,,,,,,,,,,,,,,,,,,,,,,,,,0.828%,,
2024-10-15 14:53:00,,,,,,,,,,,,,,,,,,,,,,,,,,,,,,,,,,,,,,,,,,,,1.04%,,
2024-10-15 14:53:15,,,,,,,,,,,,,,,,,,,,,,,,,,,,,,,,,,,,,,,,,,,,1.02%,,
2024-10-15 14:53:30,,,,,,,,,,,,,,,,,,,,,,,,,,,,,,,,,,,,,,,,,,,,1.03%,,
2024-10-15 14:53:45,,,,,,,,,,,,,,,,,,,,,,,,,,,,,,,,,,,,,,,,,,,,1.02%,,
2024-10-15 14:54:00,,,,,,,,,,,,,,,,,,,,,,,,,,,,,,,,,,,,,,,,,,,,1.02%,,
2024-10-15 14:54:15,,,,,,,,,,,,,,,,,,,,,,,,,,,,,,,,,,,,,,,,,,,,0.777%,,
2024-10-15 14:54:30,,,,,,,,,,,,,,,,,,,,,,,,,,,,,,,,,,,,,,,,,,,,0.795%,,
2024-10-15 14:54:45,,,,,,,,,,,,,,,,,,,,,,,,,,,,,,,,,,,,,,,,,,,,1.00%,,
2024-10-15 14:55:00,,,,,,,,,,,,,,,,,,,,,,,,,,,,,,,,,,,,,,,,,,,,0.0826%,,
2024-10-15 14:55:15,,,,,,,,,,,,,,,,,,,,,,,,,,,,,,,,,,,,,,,,,,,,0.657%,,
2024-10-15 14:55:30,,,,,,,,,,,,,,,,,,,,,,,,,,,,,,,,,,,,,,,,,,,,0.334%,,
2024-10-15 14:55:45,,,,,,,,,,,,,,,,,,,,,,,,,,,,,,,,,,,,,,,,,,,,0.730%,,
2024-10-15 14:56:00,,,,,,,,,,,,,,,,,,,,,,,,,,,,,,,,,,,,,,,,,,,,0.246%,,
2024-10-15 14:56:15,,,,,,,,,,,,,,,,,,,,,,,,,,,,,,,,,,,,,,,,,,,,0.732%,,
2024-10-15 14:56:30,,,,,,,,,,,,,,,,,,,,,,,,,,,,,,,,,,,,,,,,,,,,0.143%,,
2024-10-15 14:56:45,,,,,,,,,,,,,,,,,,,,,,,,,,,,,,,,,,,,,,,,,,,,0.458%,,
2024-10-15 14:57:00,,,,,,,,,,,,,,,,,,,,,,,,,,,,,,,,,,,,,,,,,,,,0.375%,,
2024-10-15 14:57:15,,,,,,,,,,,,,,,,,,,,,,,,,,,,,,,,,,,,,,,,,,,,0.429%,,
2024-10-15 14:57:30,,,,,,,,,,,,,,,,,,,,,,,,,,,,,,,,,,,,,,,,,,,,0.248%,,
2024-10-15 14:57:45,,,,,,,,,,,,,,,,,,,,,,,,,,,,,,,,,,,,,,,,,,,,0.340%,,
2024-10-15 14:58:00,,,,,,,,,,,,,,,,,,,,,,,,,,,,,,,,,,,,,,,,,,,,0.341%,,
2024-10-15 14:58:15,,,,,,,,,,,,,,,,,,,,,,,,,,,,,,,,,,,,,,,,,,,,1.03%,,
2024-10-15 14:58:30,,,,,,,,,,,,,,,,,,,,,,,,,,,,,,,,,,,,,,,,,,,,1.02%,,
2024-10-15 14:58:45,,,,,,,,,,,,,,,,,,,,,,,,,,,,,,,,,,,,,,,,,,,,0.470%,,
2024-10-15 14:59:00,,,,,,,,,,,,,,,,,,,,,,,,,,,,,,,,,,,,,,,,,,,,1.02%,,
2024-10-15 14:59:15,,,,,,,,,,,,,,,,,,,,,,,,,,,,,,,,,,,,,,,,,,,,1.02%,,
2024-10-15 14:59:30,,,,,,,,,,,,,,,,,,,,,,,,,,,,,,,,,,,,,,,,,,,,1.02%,,
2024-10-15 14:59:45,,,,,,,,,,,,,,,,,,,,,,,,,,,,,,,,,,,,,,,,,,,,0.821%,,
2024-10-15 15:00:00,,,,,,,,,,,,,,,,,,,,,,,,,,,,,,,,,,,,,,,,,,,,1.03%,,
2024-10-15 15:00:15,,,,,,,,,,,,,,,,,,,,,,,,,,,,,,,,,,,,,,,,,,,,1.02%,,
2024-10-15 15:00:30,,,,,,,,,,,,,,,,,,,,,,,,,,,,,,,,,,,,,,,,,,,,0.742%,,
2024-10-15 15:00:45,,,,,,,,,,,,,,,,,,,,,,,,,,,,,,,,,,,,,,,,,,,,1.02%,,
2024-10-15 15:01:00,,,,,,,,,,,,,,,,,,,,,,,,,,,,,,,,,,,,,,,,,,,,1.02%,,
2024-10-15 15:01:15,,,,,,,,,,,,,,,,,,,,,,,,,,,,,,,,,,,,,,,,,,,,1.00%,,
2024-10-15 15:01:30,,,,,,,,,,,,,,,,,,,,,,,,,,,,,,,,,,,,,,,,,,,,0.137%,,
2024-10-15 15:01:45,,,,,,,,,,,,,,,,,,,,,,,,,,,,,,,,,,,,,,,,,,,,0.673%,,
2024-10-15 15:02:00,,,,,,,,,,,,,,,,,,,,,,,,,,,,,,,,,,,,,,,,,,,,0.446%,,
2024-10-15 15:02:15,,,,,,,,,,,,,,,,,,,,,,,,,,,,,,,,,,,,,,,,,,,,0.614%,,
2024-10-15 15:02:30,,,,,,,,,,,,,,,,,,,,,,,,,,,,,,,,,,,,,,,,,,,,0.551%,,
2024-10-15 15:02:45,,,,,,,,,,,,,,,,,,,,,,,,,,,,,,,,,,,,,,,,,,,,0.214%,,
2024-10-15 15:03:00,,,,,,,,,,,,,,,,,,,,,,,,,,,,,,,,,,,,,,,,,,,,0.551%,,
2024-10-15 15:03:15,,,,,,,,,,,,,,,,,,,,,,,,,,,,,,,,,,,,,,,,,,,,0.652%,,
2024-10-15 15:03:30,,,,,,,,,,,,,,,,,,,,,,,,,,,,,,,,,,,,,,,,,,,,0.555%,,
2024-10-15 15:03:45,,,,,,,,,,,,,,,,,,,,,,,,,,,,,,,,,,,,,,,,,,,,0.493%,,
2024-10-15 15:04:00,,,,,,,,,,,,,,,,,,,,,,,,,,,,,,,,,,,,,,,,,,,,0.753%,,
2024-10-15 15:04:15,,,,,,,,,,,,,,,,,,,,,,,,,,,,,,,,,,,,,,,,,,,,0.460%,,
2024-10-15 15:04:30,,,,,,,,,,,,,,,,,,,,,,,,,,,,,,,,,,,,,,,,,,,,0.671%,,
2024-10-15 15:04:45,,,,,,,,,,,,,,,,,,,,,,,,,,,,,,,,,,,,,,,,,,,,0.817%,,
2024-10-15 15:05:00,,,,,,,,,,,,,,,,,,,,,,,,,,,,,,,,,,,,,,,,,,,,0.795%,,
2024-10-15 15:05:15,,,,,,,,,,,,,,,,,,,,,,,,,,,,,,,,,,,,,,,,,,,,1.02%,,
2024-10-15 15:05:30,,,,,,,,,,,,,,,,,,,,,,,,,,,,,,,,,,,,,,,,,,,,1.03%,,
2024-10-15 15:05:45,,,,,,,,,,,,,,,,,,,,,,,,,,,,,,,,,,,,,,,,,,,,1.02%,,
2024-10-15 15:06:00,,,,,,,,,,,,,,,,,,,,,,,,,,,,,,,,,,,,,,,,,,,,1.02%,,
2024-10-15 15:06:15,,,,,,,,,,,,,,,,,,,,,,,,,,,,,,,,,,,,,,,,,,,,1.03%,,
2024-10-15 15:06:30,,,,,,,,,,,,,,,,,,,,,,,,,,,,,,,,,,,,,,,,,,,,1.02%,,
2024-10-15 15:06:45,,,,,,,,,,,,,,,,,,,,,,,,,,,,,,,,,,,,,,,,,,,,1.02%,,
2024-10-15 15:07:00,,,,,,,,,,,,,,,,,,,,,,,,,,,,,,,,,,,,,,,,,,,,1.02%,,
2024-10-15 15:07:15,,,,,,,,,,,,,,,,,,,,,,,,,,,,,,,,,,,,,,,,,,,,0.455%,,
2024-10-15 15:07:30,,,,,,,,,,,,,,,,,,,,,,,,,,,,,,,,,,,,,,,,,,,,1.02%,,
2024-10-15 15:07:45,,,,,,,,,,,,,,,,,,,,,,,,,,,,,,,,,,,,,,,,,,,,0.0136%,,
2024-10-15 15:08:00,,,,,,,,,,,,,,,,,,,,,,,,,,,,,,,,,,,,,,,,,,,,0.695%,,
2024-10-15 15:08:15,,,,,,,,,,,,,,,,,,,,,,,,,,,,,,,,,,,,,,,,,,,,0.749%,,
2024-10-15 15:08:30,,,,,,,,,,,,,,,,,,,,,,,,,,,,,,,,,,,,,,,,,,,,0.476%,,
2024-10-15 15:08:45,,,,,,,,,,,,,,,,,,,,,,,,,,,,,,,,,,,,,,,,,,,,0.715%,,
2024-10-15 15:09:00,,,,,,,,,,,,,,,,,,,,,,,,,,,,,,,,,,,,,,,,,,,,0.595%,,
2024-10-15 15:09:15,,,,,,,,,,,,,,,,,,,,,,,,,,,,,,,,,,,,,,,,,,,,0.752%,,
2024-10-15 15:09:30,,,,,,,,,,,,,,,,,,,,,,,,,,,,,,,,,,,,,,,,,,,,0.488%,,
2024-10-15 15:09:45,,,,,,,,,,,,,,,,,,,,,,,,,,,,,,,,,,,,,,,,,,,,0.694%,,
2024-10-15 15:10:00,,,,,,,,,,,,,,,,,,,,,,,,,,,,,,,,,,,,,,,,,,,,0.765%,,
2024-10-15 15:10:15,,,,,,,,,,,,,,,,,,,,,,,,,,,,,,,,,,,,,,,,,,,,0.757%,,
2024-10-15 15:10:30,,,,,,,,,,,,,,,,,,,,,,,,,,,,,,,,,,,,,,,,,,,,0.660%,,
2024-10-15 15:10:45,,,,,,,,,,,,,,,,,,,,,,,,,,,,,,,,,,,,,,,,,,,,0.684%,,
2024-10-15 15:11:00,,,,,,,,,,,,,,,,,,,,,,,,,,,,,,,,,,,,,,,,,,,,1.13%,,
2024-10-15 15:11:15,,,,,,,,,,,,,,,,,,,1.26%,,,,,,,,,,,,,,,,,,,,,,,,,0.962%,,
2024-10-15 15:11:30,,,,,,,,,,,,,,,,,,,1.20%,,,,,,,,,,,,,,,,,,,,,,,,,0.669%,,
2024-10-15 15:11:45,,,,,,,,,,,,,,,,,,,1.10%,,,,,,,,,,,,,,,,,,,,,,,,,,,
2024-10-15 15:12:00,,,,,,,,,,,,,,,,,,,1.49%,,,,,,,,1.15%,,,,,,,,,,,,,,,,,0.640%,,
2024-10-15 15:12:15,,,,,,,,,,,,,,,,,,,1.18%,,,,,,,,1.71%,,,,,,,,,,,,,,,,,0.885%,,
2024-10-15 15:13:00,,,,,,,,,,,,,,,,,,,,,,,,,,,0%,,,,,,,,,,,0%,,,,,,0%,,
2024-10-15 15:14:00,,,,,,,,,,,,,,,,,,,0.566%,,,,,,,,0.365%,,,,,,,,0.639%,,,0.460%,,,,,,0.303%,,
2024-10-15 15:14:15,,,,,,,,,,,,,,,,,,,0%,,,,,,,,0%,,,,,,,,0%,,,0.223%,,,,,,,,
2024-10-15 15:14:30,,,,,,,,,,,,,,,,,,,0.343%,,,,,,,,0.321%,,,,,,,,0.410%,,,0.444%,,,,,,0.254%,,
2024-10-15 15:14:45,,,,,,,,,,,,,,,,,,,0.356%,,,,,,,,0.111%,,,,,,,,0.434%,,,0.417%,,,,,,0.321%,,
2024-10-15 15:15:00,,,,,,,,,,,,,,,,,,,0.492%,,,,,,,,0.296%,,,,,,,,0.336%,,,0.364%,,,,,,0.120%,,
2024-10-15 15:15:15,,,,,,,,,,,,,,,,,,,0.363%,,,,,,,,0.409%,,,,,,,,0.258%,,,0.327%,,,,,,0.208%,,
2024-10-15 15:15:30,,,,,,,,,,,,,,,,,,,0.239%,,,,,,,,0.292%,,,,,,,,0.387%,,,0.317%,,,,,,0.308%,,
2024-10-15 15:15:45,,,,,,,,,,,,,,,,,,,0.114%,,,,,,,,0.349%,,,,,,,,0.344%,,,0.384%,,,,,,0.100%,,
2024-10-15 15:16:15,,,,,,,,,,,,,,,,,,,0.293%,,,,,,,,0.215%,,,,,,,,0.205%,,,,,,,,,0.111%,,
2024-10-15 15:16:30,,,,,,,,,,,,,,,,,,,0.166%,,,,,,,,0.392%,,,,,,,,0.316%,,,0.167%,,,,,,0.368%,,
2024-10-15 15:16:45,,,,,,,,,,,,,,,,,,,0.134%,,,,,,,,0.207%,,,,,,,,0.186%,,,0.321%,,,,,,0.307%,,
2024-10-15 15:17:00,,,,,,,,,,,,,,,,,,,0.389%,,,,,,,,0.419%,,,,,,,,0.210%,,,0.408%,,,,,,0.386%,,
2024-10-15 15:20:00,,,,,,,,,,,,,,,,,,,0.311%,,,,,,,,0.550%,,,,,,,,0.806%,,,0.562%,,,,,,0.558%,,
2024-10-15 15:20:15,,,,,,,,,,,,,,,,,,,0.238%,,,,,,,,0.141%,,,,,,,,0.511%,,,0.194%,,,,,,0.152%,,
2024-10-15 15:20:30,,,,,,,,,,,,,,,,,,,0.203%,,,,,,,,0.113%,,,,,,,,0.222%,,,0.143%,,,,,,0.156%,,
2024-10-15 15:20:45,,,,,,,,,,,,,,,,,,,0.223%,,,,,,,,0.230%,,,,,,,,0.244%,,,0.173%,,,,,,0.156%,,
2024-10-15 15:21:00,,,,,,,,,,,,,,,,,,,0.137%,,,,,,,,0.304%,,,,,,,,0.168%,,,0.226%,,,,,,0.196%,,
2024-10-15 15:21:15,,,,,,,,,,,,,,,,,,,0.196%,,,,,,,,0.0441%,,,,,,,,0.260%,,,0.227%,,,,,,0.167%,,
2024-10-15 15:21:30,,,,,,,,,,,,,,,,,,,0.178%,,,,,,,,0.222%,,,,,,,,0.307%,,,0.0523%,,,,,,0.0542%,,
2024-10-15 15:21:45,,,,,,,,,,,,,,,,,,,0.133%,,,,,,,,0.160%,,,,,,,,0.173%,,,0.216%,,,,,,0.147%,,
2024-10-15 15:22:00,,,,,,,,,,,,,,,,,,,0.214%,,,,,,,,0.255%,,,,,,,,0.151%,,,0.121%,,,,,,0.213%,,
2024-10-15 15:22:15,,,,,,,,,,,,,,,,,,,0.145%,,,,,,,,0.269%,,,,,,,,0.148%,,,0.205%,,,,,,0.149%,,
2024-10-15 15:22:30,,,,,,,,,,,,,,,,,,,0.230%,,,,,,,,0.132%,,,,,,,,0.124%,,,0.173%,,,,,,0.262%,,
2024-10-15 15:22:45,,,,,,,,,,,,,,,,,,,0.195%,,,,,,,,0.160%,,,,,,,,0.172%,,,0.191%,,,,,,0.154%,,
2024-10-15 15:23:00,,,,,,,,,,,,,,,,,,,0.378%,,,,,,,,0.239%,,,,,,,,0.194%,,,0.259%,,,,,,0.0974%,,
2024-10-15 15:23:15,,,,,,,,,,,,,,,,,,,0.534%,,,,,,,,0%,,,,,,,,,,,0%,,,,,,0.635%,,
2024-10-15 15:23:30,,,,,,,,,,,,,,,,,,,0.459%,,,,,,,,1.02%,,,,,,,,1.01%,,,0.711%,,,,,,0.447%,,
2024-10-15 15:23:45,,,,,,,,,,,,,,,,,,,0.467%,,,,,,,,0.996%,,,,,,,,1.03%,,,0.767%,,,,,,0.888%,,
2024-10-15 15:24:15,,,,,,,,,,,,,,,,,,,0.449%,,,,,,,,,,,,,,,,0.601%,,,0.626%,,,,,,0.658%,,
2024-10-15 15:25:45,,,,,,,,,,,,,,,,,,,1.02%,,,,,,,,0.914%,,,,,,,,1.01%,,,0.625%,,,,,,0%,,
2024-10-15 15:26:15,,,,,,,,,,,,,,,,,,,0.0111%,,,,,,,,0.0627%,,,,,,,,0.00643%,,,0.0393%,,,,,,0.0192%,,
2024-10-15 15:26:30,,,,,,,,,,,,,,,,,,,,,,,,,,,,,,,,,,,,,,,,,,,,0.793%,,
2024-10-15 15:26:45,,,,,,,0.742%,,,,,,,,,,,,,,,,,,,,,,,,,,,,,,,,,,,,,0.738%,,
2024-10-15 15:27:00,,,,,,,0.385%,,,,,,,,,,,,,,,,,,,,,,,,,,,,,,,,,,,,,0.457%,,
2024-10-15 15:27:15,,,,,,,0.697%,,,,,,,,,,,,,,,,,,,,,,,,,,,,,,,,,,,,,0.521%,,
2024-10-15 15:27:30,,,,,,,0.359%,,,,,,,,,,,,,,,,,,,,,0.298%,,,,,,,,,,,,,,,,0.264%,,
2024-10-15 15:27:45,,,,,,,0.160%,,,,,,,,,,,,,,,,,,,,,0.432%,,,,,,,,,,,,,,,,0.268%,,
2024-10-15 15:28:00,,,,,,,,,,,,,,,,,,,,,,,,,,,,0.419%,,,,,,,,,,,,,,,,,,
2024-10-15 15:28:15,,,,,,,0.323%,,,,,,,,,,,,,0.198%,,,,,,,,0.410%,,,,,,,,,,,,,,,,0.204%,,
2024-10-15 15:28:30,,,,,,,0.303%,,,,,,,,,,,,,0.0978%,,,,,,,,0.214%,,,,,,,,,,,,,,,,0.229%,,
2024-10-15 15:28:45,,,,,,,0%,,,,,,,,,,,,,0%,,,,,,,,,,,,,,,,,,,,,,,,,,
2024-10-15 15:29:00,,,,,,,0.178%,,,,,,,,,,,,,0.256%,,,,,,,,0.215%,0.229%,,,,,,,,,,,,,,,0.248%,,
2024-10-15 15:29:15,,,,,,,0.226%,,,,,,,,,,,,,0.357%,,,,,,,,0.184%,0.105%,,,,,,,,,,,,,,,0.236%,,
2024-10-15 15:30:00,,,,,,,0.776%,,,,,,,,,,,,,1.04%,,,,,,,,0.622%,1.01%,,,,,,,,,,,,,,,0.905%,,
2024-10-15 15:30:15,,,,,,,0.434%,,,,,,,,,,,,,0.800%,,,,,,,,0.449%,1.01%,,,,,,,,,,,,,,,0.869%,,
2024-10-15 15:30:30,,,,,,,0.744%,,,,,,,,,,,,,1.01%,,,,,,,,0.946%,0.829%,,,,,,,,,,,,,,,1.000%,,
2024-10-15 15:30:45,,,,,,,0.966%,,,,,,,,,,,,,1.01%,,,,,,,,0.877%,1.01%,,,,,,,,,,,,,,,0.905%,,
2024-10-15 15:31:00,,,,,,,0.902%,,,,,,,,,,,,,0.784%,,,,,,,,0.875%,0.956%,,,,,,,,,,,,,,,0.502%,,
2024-10-15 15:31:15,,,,,,,0.677%,,,,,,,,,,,,,0.465%,,,,,,,,0.818%,0.960%,,,,,,,,,,,,,,,0.789%,,
2024-10-15 15:31:30,,,,,,,0.793%,,,,,,,,,,,,,0.323%,,,,,,,,0.789%,0.464%,,,,,,,,,,,,,,,0.195%,,
2024-10-15 15:31:45,,,,,,,0.791%,,,,,,,,,,,,,1.02%,,,,,,,,0.994%,0.815%,,,,,,,,,,,,,,,0.353%,,
2024-10-15 15:32:15,,,,,,,0.976%,,,,,,,,,,,,,,,,,,,,,,,,,,,,,,,,,,,,,,,
2024-10-15 15:32:30,,,,,,,0.190%,,,,,,,,,,,,,0.622%,,,,,,,,0.0261%,0.261%,,,,,,,,,,,,,,,0.148%,,
2024-10-15 15:32:45,,,,,,,,,,,,,,,,,,,,,,,,,,,,,,,,,,,,,,,,,,,,0.0440%,,
2024-10-15 15:33:00,,,,,,,,,,,,,,,,,,,,,,,,,,,,,,,,,,,,,,,,,,,,0.00167%,,
2024-10-15 15:33:15,,,,,,,,,,,,,,,,,,,,,,,,,,,,,,,,,,,,,,,,,,,,0.502%,,
2024-10-15 15:33:30,,,,,,,,,,,,,,,,,,,,,,,,,,,,,,,,,,,,,,,,,,,,0.767%,,
2024-10-15 15:33:45,,,,,,,,,,,,,,,,,,,,,,,,,,,,,,,0.0282%,,,,,,,,,,,,,0.406%,,
2024-10-15 15:34:00,,,,,,,,,,,,,,,,,,,,,,,,,,,,,,,,,,,,,,,,,,,,0.00144%,,
2024-10-15 15:34:15,,,,,,,,,,,,,,,,,,,,,,,,,,,,,,,,,,,,,,,,,,,,0.446%,,
2024-10-15 15:34:30,,,,,,,,,,,,,,,,,,,,,,,,,,,,,,,,,,,,,,,,,,,,0.739%,,
2024-10-15 15:34:45,,,,,,,,,,,,,,,,,,,,,,,,,,,,,,,,,,,,,,,,,,,,0.875%,,
2024-10-15 15:35:00,,,,,,,,,,,,,,,,,,,,,,,,,,,,,,,,,,,,,,,,,,,,0.0687%,,
2024-10-15 15:35:15,,,,,,,,,,,,,,,,,,,,,,,,,,,,,,,,,,,,,,,,,,,,0.00170%,,
2024-10-15 15:35:30,,,,,,,,,,,,,,,,,,,,,,,,,,,,,,,,,,,,,,,,,,,,0.468%,,
2024-10-15 15:35:45,,,,,,,,,,,,,,,,,,,,,,,,,,,,,,,,,,,,,0.358%,,,,,,,1.05%,,
2024-10-15 15:36:00,,,,,,,,,,,,,,,,,,,,,,,,,,,,,,,,,,,,,0.882%,,,,,,,1.06%,,
2024-10-15 15:36:15,,,,,,,,,,,,,,,,,,,,,,,,,,,,,,,,,,,,,1.78%,,,,,,,1.05%,,
2024-10-15 15:36:30,,1.29%,,,,,,,,,,,,,,,,,,,,,,,,,,,,,,,,,,,1.06%,,,,,,,0.976%,,
2024-10-15 15:36:45,,1.09%,,,,,,,,,,,,,,,,,,,,,,,,,,,,,,,,,,,1.17%,,,,,,,0.941%,,
2024-10-15 15:37:00,,0.769%,,,,,,,,,,,,,,,,,,,,,,,,,,,,,,,,,,,,,,,,,,0.563%,,
2024-10-15 15:37:15,,0.589%,,,,,,,,,,,,,,,,,,,,,,,,,,,,,,,,,,,0.701%,,,,,,,0.919%,,
2024-10-15 15:37:30,,1.04%,,,,,,,,,,,,,,,,0.838%,,,,,,,,,,,,,,,,,,,0.808%,,,,,,,0.759%,,
2024-10-15 15:38:30,,0.920%,,,,,,,,,,,,,,,,0.551%,,,,,,,,,,,,,,,,1.07%,,,0.732%,,,,,,,0.787%,,
2024-10-15 15:38:45,,0.248%,,,,,,,,,,,,,,,,0.294%,,,,,,,,,,,,,,,,0.427%,,,0.210%,,,,,,,0.213%,,
2024-10-15 15:39:00,,0.224%,,,,,,,,,,,,,,,,0.206%,,,,,,,,,,,,,,,,0.329%,,,0.210%,,,,,,,0.0921%,,
2024-10-15 15:39:15,,0.155%,,,,,,,,,,,,,,,,0.186%,,,,,,,,,,,,,,,,0.196%,,,0.167%,,,,,,,0.111%,,
2024-10-15 15:39:30,,0.180%,,,,,,,,,,,,,,,,0.141%,,,,,,,,,,,,,,,,0.140%,,,0.127%,,,,,,,0.105%,,
2024-10-15 15:39:45,,0.238%,,,,,,,,,,,,,,,,0.208%,,,,,,,,,,,,,,,,0.177%,,,0.219%,,,,,,,0.236%,,
2024-10-15 15:40:00,,0.161%,,,,,,,,,,,,,,,,0.260%,,,,,,,,,,,,,,,,0.149%,,,0.118%,,,,,,,0.237%,,
2024-10-15 15:40:15,,0.174%,,,,,,,,,,,,,,,,0.0995%,,,,,,,,,,,,,,,,0.162%,,,0.264%,,,,,,,0.162%,,
2024-10-15 15:40:30,,0.187%,,,,,,,,,,,,,,,,0.177%,,,,,,,,,,,,,,,,0.282%,,,0.249%,,,,,,,0.241%,,
2024-10-15 15:40:45,,0.239%,,,,,,,,,,,,,,,,0.0898%,,,,,,,,,,,,,,,,0.0787%,,,0.271%,,,,,,,0.167%,,
2024-10-15 15:41:00,,0.230%,,,,,,,,,,,,,,,,0.231%,,,,,,,,,,,,,,,,0.241%,,,0.217%,,,,,,,0.249%,,
2024-10-15 15:41:15,,0.191%,,,,,,,,,,,,,,,,0.0825%,,,,,,,,,,,,,,,,0.131%,,,0.115%,,,,,,,0.242%,,
2024-10-15 15:41:30,,0.110%,,,,,,,,,,,,,,,,0.180%,,,,,,,,,,,,,,,,0.0623%,,,0.209%,,,,,,,0.0973%,,
2024-10-15 15:41:45,,0%,,,,,,,,,,,,,,,,,,,,,,,,,,,,,,,,,,,,,,,,,,,,
2024-10-15 15:42:45,,0.729%,,,,,,,,,,,,,,,,0.833%,,,,,,,,,,,,,,,,1.02%,,,1.00%,,,,,,,0.424%,,
2024-10-15 15:43:45,,,,,,,,,,,,,,,,,,0.457%,,,,,,,,,,,,,,,,,,,,,,,,,,0%,,
2024-10-15 15:44:00,,0.474%,,,,,,,,,,,,,,,,1.02%,,,,,,,,,,,,,,,,0.764%,,,1.01%,,,,,,,0.706%,,
2024-10-15 15:44:45,,0.0213%,,,,,,,,,,,,,,,,0.0112%,,,,,,,,,,,,,,,,0.114%,,,0.0583%,,,,,,,0.00934%,,
2024-10-15 15:45:00,,,,,,,,,,,,,,,,,,,,,,,,,,,,,,,,,,,,,,,,,,,,0.00431%,,
2024-10-15 15:45:15,,,,,,,,,,,,,,,,,,,,,,,,,,,,,,,,,,,,,,,,,,,,0.00139%,,
2024-10-15 15:45:30,,,,,,,,,,,,,,,,,,,,,,,,,,,,,,,,,,,,,,,,,,,,0.369%,,
2024-10-15 15:45:45,,,,,,,,,,,,,,,,,,,,,,,,,,,,,,,,,,,,,,,,,,,,0.814%,,
2024-10-15 15:46:00,,,,,,,,,,,,,,,,,,,,,,0.719%,,,,,,,,,,,,,,,,,,,,,,0.494%,,
2024-10-15 15:46:15,,,,,,,,,,,,,,,,,,,,,,0.545%,,,,,,,,,,,,,,,,,,,,,,0.371%,,
2024-10-15 15:46:30,,,,,,,,,,,,,,,,,,,,,,0.637%,,,,,,,,,,,,,,,,,,,,,,0.527%,,
2024-10-15 15:46:45,,,,,,,,,,,,0.419%,,,,,,,,,,0.304%,,,,,,,,,,,,,,,,,,,,,,0.320%,,
2024-10-15 15:47:00,,,,,,,,,,,,0.413%,,,,,,,,,,0.278%,,,,,,,,,,,,,,,,,,,,,,0.234%,,
2024-10-15 15:47:15,,,,,,,,,,,,0.513%,,,,,,,,,,0.373%,,,,,,,,,,,,,,,,,,0.499%,,,,0.347%,,
2024-10-15 15:47:30,,,,,,,,,,,,0.236%,,,,,,,,,,0.278%,,,,,,,,,,,,,,,,,,0.307%,,,,0.190%,,
2024-10-15 15:47:45,,,,,,,,,,,,0.0700%,,,,,,,,,,0.243%,,,,,,,,,,,,,,,,,,0.334%,,,,0.00239%,,
2024-10-15 15:48:30,,,,,,,,,,,,0.994%,,,,,,,,,,0.756%,,,,0.993%,,,,,,,,,,,,,,0.717%,,,,0.730%,,
2024-10-15 15:48:45,,,,,,,,,,,,0.933%,,,,,,,,,,1.01%,,,,1.04%,,,,,,,,,,,,,,1.01%,,,,0.996%,,
2024-10-15 15:49:00,,,,,,,,,,,,0.637%,,,,,,,,,,1.01%,,,,1.04%,,,,,,,,,,,,,,0.994%,,,,0.996%,,
2024-10-15 15:49:30,,,,,,,,,,,,0.913%,,,,,,,,,,1.11%,,,,0.963%,,,,,,,,,,,,,,0.856%,,,,0.982%,,
2024-10-15 15:49:45,,,,,,,,,,,,0%,,,,,,,,,,0.241%,,,,0.286%,,,,,,,,,,,,,,0.765%,,,,1.01%,,
2024-10-15 15:50:00,,,,,,,,,,,,0.986%,,,,,,,,,,1.00%,,,,0.738%,,,,,,,,,,,,,,0.660%,,,,0.935%,,
2024-10-15 15:50:30,,,,,,,,,,,,0.626%,,,,,,,,,,0.962%,,,,0.900%,,,,,,,,,,,,,,1.02%,,,,1.01%,,
2024-10-15 15:50:45,,,,,,,,,,,,1.02%,,,,,,,,,,0.999%,,,,0.954%,,,,,,,,,,,,,,0.839%,,,,0.974%,,
2024-10-15 15:51:00,,,,,,,,,,,,,,,,,,,,,,,,,,,,,,,,,,,,,,,,,,,,0.0302%,,
2024-10-15 15:51:15,,,,,,,,,,,,,,,,,,,,,,,,,,,,,,,,,,,,,,,,,,,,0.00154%,,
2024-10-15 15:51:30,,,,,,,,,,,,,,,,,,,,,,,,,,,,,,,,,,,,,,,,,,,,0.00341%,,
2024-10-15 15:51:45,,,,,,,,,,,,,,,,,,,,,,,,,,,,,,,,,,,,,,,,,,,,0.00137%,,
2024-10-15 15:52:00,,,,,,,,,,,,,,,,,,,,,,,,,,,,,,,,,,,,,,,,,,,,0.00144%,,
2024-10-15 15:52:15,,,,,,,,,,,,,,,,,,,,,,,,,,,,,,,,,,,,,,,,,,,,0.00121%,,
2024-10-15 15:52:30,,,,,,,,,,,,,,,,,,,,,,,,,,,,,,,,,,,,,,,,,,,,0.00124%,,
2024-10-15 15:52:45,,,,,,,,,,,,,,,,,,,,,,,,,,,,,,,,,,,,,,,,,,,,0.00107%,,
2024-10-15 15:53:00,,,,,,,,,,,,,,,,,,,,,,,,,,,,,,,,,,,,,,,,,,,,0.00154%,,
2024-10-15 15:53:15,,,,,,,,,,,,,,,,,,,,,,,,,,,,,,,,,,,,,,,,,,,,0.00134%,,
2024-10-15 15:53:30,,,,,,,,,,,,,,,,,,,,,,,,,,,,,,,,,,,,,,,,,,,,0.00136%,,
2024-10-15 15:53:45,,,,,,,,,,,,,,,,,,,,,,,,,,,,,,,,,,,,,,,,,,,,0.00140%,,
2024-10-15 15:54:00,,,,,,,,,,,,,,,,,,,,,,,,,,,,,,,,,,,,,,,,,,,,0.00149%,,
2024-10-15 15:54:15,,,,,,,,,,,,,,,,,,,,,,,,,,,,,,,,,,,,,,,,,,,,0.00162%,,
2024-10-15 15:54:30,,,,,,,,,,,,,,,,,,,,,,,,,,,,,,,,,,,,,,,,,,,,0.00168%,,
2024-10-15 15:54:45,,,,,,,,,,,,,,,,,,,,,,,,,,,,,,,,,,,,,,,,,,,,0.00123%,,
2024-10-15 15:55:00,,,,,,,,,,,,,,,,,,,,,,,,,,,,,,,,,,,,,,,,,,,,0.00206%,,
2024-10-15 15:55:15,,,,,,,,,,,,,,,,,,,,,,,,,,,,,,,,,,,,,,,,,,,,0.00122%,,
2024-10-15 15:55:30,,,,,,,,,,,,,,,,,,,,,,,,,,,,,,,,,,,,,,,,,,,,0.00173%,,
2024-10-15 15:55:45,,,,,,,,,,,,,,,,,,,,,,,,,,,,,,,,,,,,,,,,,,,,0.00151%,,
2024-10-15 15:56:00,,,,,,,,,,,,,,,,,,,,,,,,,,,,,,,,,,,,,,,,,,,,0.00159%,,
2024-10-15 15:56:15,,,,,,,,,,,,,,,,,,,,,,,,,,,,,,,,,,,,,,,,,,,,0.000981%,,
2024-10-15 15:56:30,,,,,,,,,,,,,,,,,,,,,,,,,,,,,,,,,,,,,,,,,,,,0.00156%,,
2024-10-15 15:56:45,,,,,,,,,,,,,,,,,,,,,,,,,,,,,,,,,,,,,,,,,,,,0.00130%,,
2024-10-15 15:57:00,,,,,,,,,,,,,,,,,,,,,,,,,,,,,,,,,,,,,,,,,,,,0.00161%,,
2024-10-15 15:57:15,,,,,,,,,,,,,,,,,,,,,,,,,,,,,,,,,,,,,,,,,,,,0.00178%,,
2024-10-15 15:57:30,,,,,,,,,,,,,,,,,,,,,,,,,,,,,,,,,,,,,,,,,,,,0.00185%,,
2024-10-15 15:57:45,,,,,,,,,,,,,,,,,,,,,,,,,,,,,,,,,,,,,,,,,,,,0.00137%,,
2024-10-15 15:58:00,,,,,,,,,,,,,,,,,,,,,,,,,,,,,,,,,,,,,,,,,,,,0.00158%,,
2024-10-15 15:58:15,,,,,,,,,,,,,,,,,,,,,,,,,,,,,,,,,,,,,,,,,,,,0.00106%,,
2024-10-15 15:58:30,,,,,,,,,,,,,,,,,,,,,,,,,,,,,,,,,,,,,,,,,,,,0.00126%,,
2024-10-15 15:58:45,,,,,,,,,,,,,,,,,,,,,,,,,,,,,,,,,,,,,,,,,,,,0.00143%,,
2024-10-15 15:59:00,,,,,,,,,,,,,,,,,,,,,,,,,,,,,,,,,,,,,,,,,,,,0.00247%,,
2024-10-15 15:59:15,,,,,,,,,,,,,,,,,,,,,,,,,,,,,,,,,,,,,,,,,,,,0.00169%,,
2024-10-15 15:59:30,,,,,,,,,,,,,,,,,,,,,,,,,,,,,,,,,,,,,,,,,,,,0.00157%,,
2024-10-15 15:59:45,,,,,,,,,,,,,,,,,,,,,,,,,,,,,,,,,,,,,,,,,,,,0.00104%,,
2024-10-15 16:00:00,,,,,,,,,,,,,,,,,,,,,,,,,,,,,,,,,,,,,,,,,,,,0.00167%,,
2024-10-15 16:00:15,,,,,,,,,,,,,,,,,,,,,,,,,,,,,,,,,,,,,,,,,,,,0.00170%,,
2024-10-15 16:00:30,,,,,,,,,,,,,,,,,,,,,,,,,,,,,,,,,,,,,,,,,,,,0.00164%,,
2024-10-15 16:00:45,,,,,,,,,,,,,,,,,,,,,,,,,,,,,,,,,,,,,,,,,,,,0.00143%,,
2024-10-15 16:01:00,,,,,,,,,,,,,,,,,,,,,,,,,,,,,,,,,,,,,,,,,,,,0.00215%,,
2024-10-15 16:01:15,,,,,,,,,,,,,,,,,,,,,,,,,,,,,,,,,,,,,,,,,,,,0.00121%,,
2024-10-15 16:01:30,,,,,,,,,,,,,,,,,,,,,,,,,,,,,,,,,,,,,,,,,,,,0.00147%,,
2024-10-15 16:01:45,,,,,,,,,,,,,,,,,,,,,,,,,,,,,,,,,,,,,,,,,,,,0.00153%,,
2024-10-15 16:02:00,,,,,,,,,,,,,,,,,,,,,,,,,,,,,,,,,,,,,,,,,,,,0.000507%,,
2024-10-15 16:02:15,,,,,,,,,,,,,,,,,,,,,,,,,,,,,,,,,,,,,,,,,,,,0.00139%,,
2024-10-15 16:02:30,,,,,,,,,,,,,,,,,,,,,,,,,,,,,,,,,,,,,,,,,,,,0.00159%,,
2024-10-15 16:02:45,,,,,,,,,,,,,,,,,,,,,,,,,,,,,,,,,,,,,,,,,,,,0.00145%,,
2024-10-15 16:03:00,,,,,,,,,,,,,,,,,,,,,,,,,,,,,,,,,,,,,,,,,,,,0.00203%,,
2024-10-15 16:03:15,,,,,,,,,,,,,,,,,,,,,,,,,,,,,,,,,,,,,,,,,,,,0.00170%,,
2024-10-15 16:03:30,,,,,,,,,,,,,,,,,,,,,,,,,,,,,,,,,,,,,,,,,,,,0.00151%,,
2024-10-15 16:03:45,,,,,,,,,,,,,,,,,,,,,,,,,,,,,,,,,,,,,,,,,,,,0.00130%,,
2024-10-15 16:04:00,,,,,,,,,,,,,,,,,,,,,,,,,,,,,,,,,,,,,,,,,,,,0.00146%,,
2024-10-15 16:04:15,,,,,,,,,,,,,,,,,,,,,,,,,,,,,,,,,,,,,,,,,,,,0.00131%,,
2024-10-15 16:04:30,,,,,,,,,,,,,,,,,,,,,,,,,,,,,,,,,,,,,,,,,,,,0.00113%,,
2024-10-15 16:04:45,,,,,,,,,,,,,,,,,,,,,,,,,,,,,,,,,,,,,,,,,,,,0.00106%,,
2024-10-15 16:05:00,,,,,,,,,,,,,,,,,,,,,,,,,,,,,,,,,,,,,,,,,,,,0.00122%,,
2024-10-15 16:05:15,,,,,,,,,,,,,,,,,,,,,,,,,,,,,,,,,,,,,,,,,,,,0.00124%,,
2024-10-15 16:05:30,,,,,,,,,,,,,,,,,,,,,,,,,,,,,,,,,,,,,,,,,,,,0.00180%,,
2024-10-15 16:05:45,,,,,,,,,,,,,,,,,,,,,,,,,,,,,,,,,,,,,,,,,,,,0.00105%,,
2024-10-15 16:06:00,,,,,,,,,,,,,,,,,,,,,,,,,,,,,,,,,,,,,,,,,,,,0.00153%,,
2024-10-15 16:06:15,,,,,,,,,,,,,,,,,,,,,,,,,,,,,,,,,,,,,,,,,,,,0.00132%,,
2024-10-15 16:06:30,,,,,,,,,,,,,,,,,,,,,,,,,,,,,,,,,,,,,,,,,,,,0.00162%,,
2024-10-15 16:06:45,,,,,,,,,,,,,,,,,,,,,,,,,,,,,,,,,,,,,,,,,,,,0.000639%,,
2024-10-15 16:07:00,,,,,,,,,,,,,,,,,,,,,,,,,,,,,,,,,,,,,,,,,,,,0.00144%,,
2024-10-15 16:07:15,,,,,,,,,,,,,,,,,,,,,,,,,,,,,,,,,,,,,,,,,,,,0.00116%,,
2024-10-15 16:07:30,,,,,,,,,,,,,,,,,,,,,,,,,,,,,,,,,,,,,,,,,,,,0.00140%,,
2024-10-15 16:07:45,,,,,,,,,,,,,,,,,,,,,,,,,,,,,,,,,,,,,,,,,,,,0.00161%,,
2024-10-15 16:08:00,,,,,,,,,,,,,,,,,,,,,,,,,,,,,,,,,,,,,,,,,,,,0.00119%,,
2024-10-15 16:08:15,,,,,,,,,,,,,,,,,,,,,,,,,,,,,,,,,,,,,,,,,,,,0.00184%,,
2024-10-15 16:08:30,,,,,,,,,,,,,,,,,,,,,,,,,,,,,,,,,,,,,,,,,,,,0.00149%,,
2024-10-15 16:08:45,,,,,,,,,,,,,,,,,,,,,,,,,,,,,,,,,,,,,,,,,,,,0.00246%,,
2024-10-15 16:09:00,,,,,,,,,,,,,,,,,,,,,,,,,,,,,,,,,,,,,,,,,,,,0.00149%,,
2024-10-15 16:09:15,,,,,,,,,,,,,,,,,,,,,,,,,,,,,,,,,,,,,,,,,,,,0.00160%,,
2024-10-15 16:09:30,,,,,,,,,,,,,,,,,,,,,,,,,,,,,,,,,,,,,,,,,,,,0.00102%,,
2024-10-15 16:09:45,,,,,,,,,,,,,,,,,,,,,,,,,,,,,,,,,,,,,,,,,,,,0.00164%,,

