"Time","reducirimagen-74f7996c94-2dnqn","reducirimagen-74f7996c94-2l87g","reducirimagen-74f7996c94-44fhr","reducirimagen-74f7996c94-4rlnc","reducirimagen-74f7996c94-5gqrz","reducirimagen-74f7996c94-5rbvm","reducirimagen-74f7996c94-6j8cl","reducirimagen-74f7996c94-6sfrn","reducirimagen-74f7996c94-74cbv","reducirimagen-74f7996c94-9k9kr","reducirimagen-74f7996c94-cnggw","reducirimagen-74f7996c94-cv86h","reducirimagen-74f7996c94-d6469","reducirimagen-74f7996c94-dl799","reducirimagen-74f7996c94-f5sjm","reducirimagen-74f7996c94-ghbb5","reducirimagen-74f7996c94-hv2vg","reducirimagen-74f7996c94-j29v5","reducirimagen-74f7996c94-jmnlz","reducirimagen-74f7996c94-k7stm","reducirimagen-74f7996c94-k9ktx","reducirimagen-74f7996c94-kzmsm","reducirimagen-74f7996c94-lqtfv","reducirimagen-74f7996c94-m2qkf","reducirimagen-74f7996c94-m5ckd","reducirimagen-74f7996c94-mb5hr","reducirimagen-74f7996c94-nnl69","reducirimagen-74f7996c94-p2ff8","reducirimagen-74f7996c94-pbm64","reducirimagen-74f7996c94-pkh7j","reducirimagen-74f7996c94-qrzgp","reducirimagen-74f7996c94-qvclf","reducirimagen-74f7996c94-r5vwz","reducirimagen-74f7996c94-rdphq","reducirimagen-74f7996c94-rggqg","reducirimagen-74f7996c94-rwm97","reducirimagen-74f7996c94-shkjs","reducirimagen-74f7996c94-sw5wb","reducirimagen-74f7996c94-t4rdn","reducirimagen-74f7996c94-tgxtz","reducirimagen-74f7996c94-tw6nf","reducirimagen-74f7996c94-vqxfb","reducirimagen-74f7996c94-vzm4b","reducirimagen-74f7996c94-wf26z","reducirimagen-74f7996c94-wgmxg","reducirimagen-74f7996c94-wr44t","reducirimagen-74f7996c94-x7svk","reducirimagen-74f7996c94-xfqkb","reducirimagen-74f7996c94-z89vg","reducirimagen-74f7996c94-zgr8b","reducirimagen-74f7996c94-zr26k"
2024-10-15 13:05:30,,,,,,,,,,,,,,,,,,,,,,,,,,,,,,,,,,,,,,,,,,,,,,,,33.9 MiB,,,
2024-10-15 13:05:45,,,,,,,,,,,,,,,,,,,,,,,,,,,,,,,,,,,,,,,,,,,,,,,,135 MiB,,,
2024-10-15 13:06:00,,,,,,,,,,,,,,,,,,,,,,,,,,,,,,,,,,,,,,,,,,,,,,,,133 MiB,,,
2024-10-15 13:06:15,,,,,,,,,,,,,,,,,,,,,,,,,,,,,,,,,,,,,,,,,,,,,,,,131 MiB,,,
2024-10-15 13:06:30,,,,,,,,,,,,,,,,,,,,,,,,,,,,,,,,,,,,,,,,,,,,,,,,138 MiB,,,
2024-10-15 13:06:45,,,,,,,,,,,,,,,,,,,,,,,,,,,,,,,,,,,,,,,,,,,,,,,,133 MiB,,,
2024-10-15 13:07:00,,,,,,,,,,,,,,,,,,,,,,,,,,,,,,,,,,,,,,,,,,,,,,,,135 MiB,,,
2024-10-15 13:07:15,,,,,,,,,,,,,,,,,,,,,,,,,,,,,,,,,,,,,,,,,,,,,,,,136 MiB,,,
2024-10-15 13:07:30,,,,,,,,,,,,,,,,,,,,,,,,,,,,,,,,,,,,,,,,,,,,,,,,154 MiB,,,
2024-10-15 13:07:45,,,,,,,,,,,,,,,,,,,,,,,,,,,,,,,,,,,,,,,,,,,,,,,,137 MiB,,,
2024-10-15 13:08:00,,,,,,,,,,,,,,,,,,,,,,,,,,,,,,,,,,,,,,,,,,,,,,,,137 MiB,,,
2024-10-15 13:08:15,,,,,,,,,,,,,,,,,,,,,,,,,,,,,,,,,,,,,,,,,,,,,,,,137 MiB,,,
2024-10-15 13:08:30,,,,,,,,,,,,,,,,,,,,,,,,,,,,,,,,,,,,,,,,,,,,,,,,138 MiB,,,
2024-10-15 13:08:45,,,,,,,,,,,,,,,,,,,,,,,,,,,,,,,,,,,,,,,,,,,,,,,,139 MiB,,,
2024-10-15 13:09:00,,,,,,,,,,,,,,,,,,,,,,,,,,,,,,,,,,,,,,,,,,,,,,,,138 MiB,,,
2024-10-15 13:09:15,,,,,,,,,,,,,,,,,,,,,,,,,,,,,,,,,,,,,,,,,,,,,,,,140 MiB,,,
2024-10-15 13:09:30,,,,,,,,,,,,,,,,,,,,,,,,,,,,,,,,,,,,,,,,,,,,,,,,149 MiB,,,
2024-10-15 13:09:45,,,,,,,,,,,,,,,,,,,,,,,,,,,,,,,,,,,,,,,,,,,,,,,,142 MiB,,,
2024-10-15 13:10:00,,,,,,,,,,,,,,,,,,,,,,,,,,,,,,,,,,,,,,,,,,,,,,,,143 MiB,,,
2024-10-15 13:10:15,,,,,,,,,,,,,,,,,,,,,,,,,,,,,,,,,,,,,,,,,,,,,,,,143 MiB,,,
2024-10-15 13:10:30,,,,,,,,,,,,,,,,,,,,,,,,,,,,,,,,,,,,,,,,,,,,,,,,143 MiB,,,
2024-10-15 13:10:45,,,,,,,,,,,,,,,,,,,,,,,,,,,,,,,,,,,,,,,,,,,,,,,,144 MiB,,,
2024-10-15 13:11:00,,,,,,,,,,,,,,,,,,,,,,,,,,,,,,,,,,,,,,,,,,,,,,,,144 MiB,,,
2024-10-15 13:11:15,,,,,,,,,,,,,,,,,,,,,,,,,,,,,,,,,,,,,,,,,,,,,,,,144 MiB,,,
2024-10-15 13:11:30,,,,,,,,,,,,,,,,,,,,,,,,,,,,,,,,,,,,,,,,,,,,,,,,144 MiB,,,
2024-10-15 13:11:45,,,,,,,,,,,,,,,,,,,,,,,,,,,,,,,,,,,,,,,,,,,,,,,,150 MiB,,,
2024-10-15 13:12:00,,,,,,,,,,,,,,,,,,,,,,,,,,,,,,,,,,,,,,,,,,,,,,,,164 MiB,,,
2024-10-15 13:12:15,,,,,,,,,,,,,,,,,,,,,,,,,,,,,,,,,,,,,,,,,,,,,,,,164 MiB,,,
2024-10-15 13:12:30,,,,,,,,,,,,,,,,,,,,,,,,,,,,,,,,,,,,,,,,,,,,,,,,164 MiB,,,
2024-10-15 13:12:45,,,,,,,,,,,,,,,,,,,,,,,,,,,,,,,,,,,,,,,,,,,,,,,,164 MiB,,,
2024-10-15 13:13:00,,,,,,,,,,,,,,,,,,,,,,,,,,,,,,,,,,,,,,,,,,,,,,,,164 MiB,,,
2024-10-15 13:13:15,,,,,,,,,,,,,,,,,,,,,,,,,,,,,,,,,,,,,,,,,,,,,,,,164 MiB,,,
2024-10-15 13:13:30,,,,,,,,,,,,,,,,,,,,,,,,,,,,,,,,,,,,,,,,,,,,,,,,164 MiB,,,
2024-10-15 13:13:45,,,,,,,,,,,,,,,,,,,,,,,,,,,,,,,,,,,,,,,,,,,,,,,,164 MiB,,,
2024-10-15 13:14:00,,,,,,,,,,,,,,,,,,,,,,,,,,,,,,,,,,,,,,,,,,,,,,,,164 MiB,,,
2024-10-15 13:14:15,,,,,,,,,,,,,,,,,,,,,,,,,,,,,,,,,,,,,,,,,,,,,,,,165 MiB,,,
2024-10-15 13:14:30,,,,,,,,,,,,,,,,,,,,,,,,,,,,,,,,,,,,,,,,,,,,,,,,165 MiB,,,
2024-10-15 13:14:45,,,,,,,,,,,,,,,,,,,,,,,,,,,,,,,,,,,,,,,,,,,,,,,,164 MiB,,,
2024-10-15 13:15:00,,,,,,,,,,,,,,,,,,,,,,,,,,,,,,,,,,,,,,,,,,,,,,,,165 MiB,,,
2024-10-15 13:15:15,,,,,,,,,,,,,,,,,,,,,,,,,,,,,,,,,,,,,,,,,,,,,,,,165 MiB,,,
2024-10-15 13:15:30,,,,,,,,,,,,,,,,,,,,,,,,,,,,,,,,,,,,,,,,,,,,,,,,165 MiB,,,
2024-10-15 13:15:45,,,,,,,,,,,,,,,,,,,,,,,,,,,,,,,,,,,,,,,,,,,,,,,,165 MiB,,,
2024-10-15 13:16:00,,,,,,,,,,,,,,,,,,,,,,,,,,,,,,,,,,,,,,,,,,,,,,,,165 MiB,,,
2024-10-15 13:16:15,,,,,,,,,,,,,,,,,,,,,,,,,,,,,,,,,,,,,,,,,,,,,,,,165 MiB,,,
2024-10-15 13:16:30,,,,,,,,,,,,,,,,,,,,,,,,,,,,,,,,,,,,,,,,,,,,,,,,165 MiB,,,
2024-10-15 13:16:45,,,,,,,,,,,,,,,,,,,,,,,,,,,,,,,,,,,,,,,,,,,,,,,,165 MiB,,,
2024-10-15 13:17:00,,,,,,,,,,,,,,,,,,,,,,,,,,,,,,,,,,,,,,,,,,,,,,,,165 MiB,,,
2024-10-15 13:17:15,,,,,,,,,,,,,,,,,,,,,,,,,,,,,,,,,,,,,,,,,,,,,,,,165 MiB,,,
2024-10-15 13:17:30,,,,,,,,,,,,,,,,,,,,,,,,,,,,,,,,,,,,,,,,,,,,,,,,165 MiB,,,
2024-10-15 13:17:45,,,,,,,,,,,,,,,,,,,,,,,,,,,,,,,,,,,,,,,,,,,,,,,,165 MiB,,,
2024-10-15 13:18:00,,,,,,,,,,,,,,,,,,,,,,,,,,,,,,,,,,,,,,,,,,,,,,,,166 MiB,,,
2024-10-15 13:18:15,,,,,,,,,,,,,,,,,,,,,,,,,,,,,,,,,,,,,,,,,,,,,,,,166 MiB,,,
2024-10-15 13:18:30,,,,,,,,,,,,,,,,,,,,,,,,,,,,,,,,,,,,,,,,,,,,,,,,167 MiB,,,
2024-10-15 13:18:45,,,,75.5 MiB,,,,,,,,,,,,,,,,,,,,,,,,,,,,,,,,,,,,,,,,,,,,168 MiB,,,
2024-10-15 13:19:00,,,,92.2 MiB,,,,,,,,,,,,,,,,,,,,,,,,,,,,,,,,,,,,,,,,,,,,174 MiB,,,
2024-10-15 13:19:15,,,,121 MiB,,,,,,,,,,,,,,,,,,,,,,,,,,,,,,,,,,,,,,,,,,,,174 MiB,,,
2024-10-15 13:19:30,,,,129 MiB,,,,,,,,,,,,,,,,,,,,,,,,,,,,,,,,,,,,,,,,,,,84.7 MiB,174 MiB,,,
2024-10-15 13:19:45,,,,134 MiB,,,,,,,,,,,,,,,,,,,,,,,,,,,,,,,,,,,,,,,,,,,110 MiB,176 MiB,,,
2024-10-15 13:20:00,,,,136 MiB,,,,,,,,,,,,,,,,,,,,,,,,,,,,280 KiB,,,,,,,,,,,,,,,119 MiB,177 MiB,,,
2024-10-15 13:20:15,,,,138 MiB,,,,,,,,,,,,,,,,,,,,,,,,,,,,80.6 MiB,,,,,,,,,,,,,,,123 MiB,175 MiB,,,
2024-10-15 13:20:30,,,,142 MiB,,,,,,,,,,,,,,,,,,,,,,,,,,,,105 MiB,,,,,,,,,,,,,,,128 MiB,176 MiB,,,
2024-10-15 13:20:45,,,,144 MiB,,,,,,,,,,,,,,,,,,,,,,36.8 MiB,,,,,,114 MiB,,,,,,,,,,,,,,,132 MiB,172 MiB,,,
2024-10-15 13:21:00,,,,158 MiB,,,,,,,,,,,,,,,,,,,,,,81.8 MiB,,,,,,117 MiB,,,,,,,,,,,,,,,136 MiB,175 MiB,,,
2024-10-15 13:21:15,,,,158 MiB,,,,,,,,,,,,,,,,,,,,,,81.8 MiB,,,,,,117 MiB,,,,,,,,,,,,,,,136 MiB,175 MiB,,,
2024-10-15 13:21:30,,,,151 MiB,,,,,,,,,,,,,,,,,,,,,,113 MiB,,,,,,122 MiB,,,,,,,,,,,,,,,142 MiB,176 MiB,,,
2024-10-15 13:21:45,,,,151 MiB,,,,,,,,,,,,,,,,,,,,,,113 MiB,,,,,,122 MiB,,,,,,,,,,,,,,,142 MiB,176 MiB,,,
2024-10-15 13:22:00,,,,155 MiB,,,,,,,,,,,,,,,,,,,,,,117 MiB,,,,,,127 MiB,,,,,,,,,,,,,,,144 MiB,177 MiB,,,
2024-10-15 13:22:15,,,,155 MiB,,,,,,,,,,,,,,,,,,,,,,117 MiB,,,,,,127 MiB,,,,,,,,,,,,,,,144 MiB,177 MiB,,,
2024-10-15 13:22:30,,,,156 MiB,,,,,,,,,,,,,,,,,,,,,,120 MiB,,,,,,128 MiB,,,,,,,,,,,,,,,144 MiB,178 MiB,,,
2024-10-15 13:22:45,,,,156 MiB,,,,,,,,,,,,,,,,,,,,,,120 MiB,,,,,,128 MiB,,,,,,,,,,,,,,,144 MiB,178 MiB,,,
2024-10-15 13:23:00,,,,157 MiB,,,,,,,,,,,,,,,,,,,,,,123 MiB,,,,,,128 MiB,,,,,,,,,,,,,,,145 MiB,178 MiB,,,
2024-10-15 13:23:15,,,,157 MiB,,,,,,,,,,,,,,,,,,,,,,123 MiB,,,,,,128 MiB,,,,,,,,,,,,,,,145 MiB,178 MiB,,,
2024-10-15 13:23:30,,,,157 MiB,,,,,,,,,,,,,,,,,,,,,,123 MiB,,,,,,128 MiB,,,,,,,,,,,,,,,145 MiB,178 MiB,,,
2024-10-15 13:23:45,,,,157 MiB,,,,,,,,,,,,,,,,,,,,,,123 MiB,,,,,,128 MiB,,,,,,,,,,,,,,,145 MiB,178 MiB,,,
2024-10-15 13:24:00,,,,159 MiB,,,,,,,,,,,,,,,,,,,,,,125 MiB,,,,,,127 MiB,,,,,,,,,,,,,,,149 MiB,180 MiB,,,
2024-10-15 13:24:15,,,,159 MiB,,,,,,,,,,,,,,,,,,,,,,125 MiB,,,,,,127 MiB,,,,,,,,,,,,,,,149 MiB,180 MiB,,,
2024-10-15 13:24:30,,,,159 MiB,,,,,,,,,,,,,,,,,,,,,,126 MiB,,,,,,128 MiB,,,,,,,,,,,,,,,150 MiB,180 MiB,,,
2024-10-15 13:24:45,,,,162 MiB,,,,,,,,,,,,,,,,,,,,,,134 MiB,,,,,,148 MiB,,,,,,,,,,,,,,,157 MiB,182 MiB,,,
2024-10-15 13:25:00,,,,162 MiB,,,,,,,,,,,,,,,,,,,,,,134 MiB,,,,,,148 MiB,,,,,,,,,,,,,,,157 MiB,182 MiB,,,
2024-10-15 13:25:15,,,,162 MiB,,,,,,,,,,,,,,,,,,,,,,156 MiB,,,,,,152 MiB,,,,,,,,,,,,,,,158 MiB,183 MiB,,,
2024-10-15 13:25:30,,,,162 MiB,,,,,,,,,,,,,,,,,,,,,,156 MiB,,,,,,152 MiB,,,,,,,,,,,,,,,158 MiB,183 MiB,,,
2024-10-15 13:25:45,,,,162 MiB,,,,,,,,,,,,,,,,,,,,,,156 MiB,,,,,,152 MiB,,,,,,,,,,,,,,,158 MiB,183 MiB,,,
2024-10-15 13:26:00,,,,163 MiB,,,,,,,,,,,,,,,,,,,,,,157 MiB,,,,,,153 MiB,,,,,,,,,,,,,,,158 MiB,183 MiB,,,
2024-10-15 13:26:15,,,,163 MiB,,,,,,,,,,,,,,,,,,,,,,157 MiB,,,,,,153 MiB,,,,,,,,,,,,,,,158 MiB,183 MiB,,,
2024-10-15 13:26:30,,,,163 MiB,,,,,,,,,,,,,,,,,,,,,,157 MiB,,,,,,153 MiB,,,,,,,,,,,,,,,158 MiB,183 MiB,,,
2024-10-15 13:26:45,,,,163 MiB,,,,,,,,,,,,,,,,,,,,,,157 MiB,,,,,,153 MiB,,,,,,,,,,,,,,,158 MiB,183 MiB,,,
2024-10-15 13:27:00,,,,163 MiB,,,,,,,,,,,,,,,,,,,,,,157 MiB,,,,,,153 MiB,,,,,,,,,,,,,,,158 MiB,183 MiB,,,
2024-10-15 13:27:15,,,,163 MiB,,,,,,,,,,,,,,,,,,,,,,157 MiB,,,,,,153 MiB,,,,,,,,,,,,,,,158 MiB,183 MiB,,,
2024-10-15 13:27:30,,,,165 MiB,,,,,,,,,,,,,,,,,,,,,,159 MiB,,,,,,154 MiB,,,,,,,,,,,,,,,158 MiB,181 MiB,,,
2024-10-15 13:27:45,,,,161 MiB,,,,,,,,,,,,,,,,,,,,,,158 MiB,,,,,,154 MiB,,,,,,,,,,,,,,,156 MiB,179 MiB,,,
2024-10-15 13:28:00,,,,161 MiB,,,,,,,,,,,,,,,,,,,,,,159 MiB,,,,,,154 MiB,,,,,,,,,,,,,,,156 MiB,179 MiB,,,
2024-10-15 13:28:15,,,,161 MiB,,,,,,,,,,,,,,,,,,,,,,159 MiB,,,,,,154 MiB,,,,,,,,,,,,,,,156 MiB,178 MiB,,,
2024-10-15 13:28:30,,,,161 MiB,,,,,,,,,,,,,,,,,,,,,,159 MiB,,,,,,154 MiB,,,,,,,,,,,,,,,156 MiB,178 MiB,,,
2024-10-15 13:28:45,,,,160 MiB,,,,,,,,,,,,,,,,,,,,,,159 MiB,,,,,,154 MiB,,,,,,,,,,,,,,,156 MiB,179 MiB,,,
2024-10-15 13:29:00,,,,160 MiB,,,,,,,,,,,,,,,,,,,,,,159 MiB,,,,,,154 MiB,,,,,,,,,,,,,,,156 MiB,177 MiB,,,
2024-10-15 13:29:15,,,,160 MiB,,,,,,,,,,,,,,,,,,,,,,159 MiB,,,,,,154 MiB,,,,,,,,,,,,,,,156 MiB,177 MiB,,,
2024-10-15 13:29:30,,,,156 MiB,,,,,,,,,,,,,,,,,,,,,,158 MiB,,,,,,151 MiB,,,,,,,,,,,,,,,152 MiB,174 MiB,,,
2024-10-15 13:29:45,,,,156 MiB,,,,,,,,,,,,,,,,,,,,,,158 MiB,,,,,,151 MiB,,,,,,,,,,,,,,,152 MiB,174 MiB,,,
2024-10-15 13:30:00,,,,156 MiB,,,,,,,,,,,,,,,,,,,,,,158 MiB,,,,,,151 MiB,,,,,,,,,,,,,,,152 MiB,174 MiB,,,
2024-10-15 13:30:15,,,,156 MiB,,,,,,,,,,,,,,,,,,,,,,158 MiB,,,,,,149 MiB,,,,,,,,,,,,,,,152 MiB,174 MiB,,,
2024-10-15 13:30:30,,,,154 MiB,,,,,,,,,,,,,,,,,,,,,,156 MiB,,,,,,149 MiB,,,,,,,,,,,,,,,150 MiB,171 MiB,,,
2024-10-15 13:30:45,,,,153 MiB,,,,,,,,,,,,,,,,,,,,,,156 MiB,,,,,,148 MiB,,,,,,,,,,,,,,,150 MiB,170 MiB,,,
2024-10-15 13:31:00,,,,152 MiB,,,,,,,,,,,,,,,,,,,,,,155 MiB,,,,,,147 MiB,,,,,,,,,,,,,,,149 MiB,169 MiB,,,
2024-10-15 13:31:15,,,,150 MiB,,,,,,,,,,,,,,,,,,,,,,154 MiB,,,,,,147 MiB,,,,,,,,,,,,,,,149 MiB,166 MiB,,,
2024-10-15 13:31:30,,,,150 MiB,,,,,,,,,,,,,,,,,,,,,,154 MiB,,,,,,147 MiB,,,,,,,,,,,,,,,149 MiB,166 MiB,,,
2024-10-15 13:31:45,,,,150 MiB,,,,,,,,,,,,,,,,,,,,,,154 MiB,,,,,,147 MiB,,,,,,,,,,,,,,,149 MiB,166 MiB,,,
2024-10-15 13:32:00,,,,149 MiB,,,,,,,,,,,,,,,,,,,,,,154 MiB,,,,,,147 MiB,,,,,,,,,,,,,,,149 MiB,166 MiB,,,
2024-10-15 13:32:15,,,,149 MiB,,,,,,,,,,,,,,,,,,,,,,154 MiB,,,,,,148 MiB,,,,,,,,,,,,,,,149 MiB,165 MiB,,,
2024-10-15 13:32:30,,,,149 MiB,,,,,,,,,,,,,,,,,,,,,,154 MiB,,,,,,148 MiB,,,,,,,,,,,,,,,149 MiB,166 MiB,,,
2024-10-15 13:32:45,,,,149 MiB,,,,,,,,,,,,,,,,,,,,,,154 MiB,,,,,,148 MiB,,,,,,,,,,,,,,,149 MiB,166 MiB,,,
2024-10-15 13:33:00,,,,152 MiB,,,,,,,,,,,,,,,,,,,,,,154 MiB,,,,,,150 MiB,,,,,,,,,,,,,,,149 MiB,166 MiB,,,
2024-10-15 13:33:15,,,,149 MiB,,,,,,,,,,,,,,,,,,,,,,154 MiB,,,,,,148 MiB,,,,,,,,,,,,,,,149 MiB,166 MiB,,,
2024-10-15 13:33:30,,,,149 MiB,,,,,,,,,,,,,,,,,,,,,,155 MiB,,,,,,148 MiB,,,,,,,,,,,,,,,150 MiB,166 MiB,,,
2024-10-15 13:33:45,,,,150 MiB,,,,,,,,,,,,,,,,,,,,,,155 MiB,,,,,,148 MiB,,,,,,,,,,,,,,,149 MiB,166 MiB,,,
2024-10-15 13:34:00,,,,149 MiB,,,,,,,,,,,,,,,,,,,,,,155 MiB,,,,,,148 MiB,,,,,,,,,,,,,,,149 MiB,166 MiB,,,
2024-10-15 13:34:15,,,,149 MiB,,,,,,,,,,,,,,,,,,,,,,155 MiB,,,,,,148 MiB,,,,,,,,,,,,,,,150 MiB,166 MiB,,,
2024-10-15 13:34:30,,,,150 MiB,,,,,,,,,,,,,,,,,,,,,,155 MiB,,,,,,148 MiB,,,,,,,,,,,,,,,150 MiB,166 MiB,,,
2024-10-15 13:34:45,,,,150 MiB,,,,,,,,,,,,,,,,,,,,,,155 MiB,,,,,,148 MiB,,,,,,,,,,,,,,,150 MiB,166 MiB,,,
2024-10-15 13:35:00,,,,150 MiB,,,,,,,,,,,,,,,,,,,,,,155 MiB,,,,,,148 MiB,,,,,,,,,,,,,,,150 MiB,167 MiB,,,
2024-10-15 13:35:15,,,,150 MiB,,,,,,,,,,,,,,,,,,,,,,155 MiB,,,,,,148 MiB,,,,,,,,,,,,,,,150 MiB,166 MiB,,,
2024-10-15 13:35:30,,,,150 MiB,,,,,,,,,,,,,,,,,,,,,,155 MiB,,,,,,148 MiB,,,,,,,,,,,,,,,150 MiB,166 MiB,,,
2024-10-15 13:35:45,,,,150 MiB,,,,,,,,,,,,,,,,,,,,,,155 MiB,,,,,,148 MiB,,,,,,,,,,,,,,,150 MiB,166 MiB,,,
2024-10-15 13:36:00,,,,150 MiB,,,,,,,,,,,,,,,,,,,,,,155 MiB,,,,,,148 MiB,,,,,,,,,,,,,,,150 MiB,167 MiB,,,
2024-10-15 13:36:15,,,,150 MiB,,,,,,,,,,,,,,,,,,,,,,155 MiB,,,,,,148 MiB,,,,,,,,,,,,,,,150 MiB,166 MiB,,,
2024-10-15 13:36:30,,,,150 MiB,,,,,,,,,,,,,,,,,,,,,,155 MiB,,,,,,148 MiB,,,,,,,,,,,,,,,150 MiB,166 MiB,,,
2024-10-15 13:36:45,,,,150 MiB,,,,,,,,,,,,,,,,,,,,,,155 MiB,,,,,,148 MiB,,,,,,,,,,,,,,,150 MiB,166 MiB,,,
2024-10-15 13:37:00,,,,150 MiB,,,,,,,,,,,,,,,,,,,,,,155 MiB,,,,,,148 MiB,,,,,,,,,,,,,,,150 MiB,166 MiB,,,
2024-10-15 13:37:15,,,,150 MiB,,,,,,,,,,,,,,,,,,,,,,155 MiB,,,,,,148 MiB,,,,,,,,,,,,,,,150 MiB,166 MiB,,,
2024-10-15 13:37:30,,,,150 MiB,,,,,,,,,,,,,,,,,,,,,,155 MiB,,,,,,148 MiB,,,,,,,,,,,,,,,150 MiB,166 MiB,,,
2024-10-15 13:37:45,,,,152 MiB,,,,,,,,,,,,,,,,,,,,,,155 MiB,,,,,,148 MiB,,,,,,,,,,,,,,,150 MiB,166 MiB,,,
2024-10-15 13:38:00,,,,152 MiB,,,,,,,,,,,,,,,,,,,,,,155 MiB,,,,,,148 MiB,,,,,,,,,,,,,,,150 MiB,166 MiB,,,
2024-10-15 13:38:15,,,,152 MiB,,,,,,,,,,,,,,,,,,,,,,155 MiB,,,,,,148 MiB,,,,,,,,,,,,,,,150 MiB,166 MiB,,,
2024-10-15 13:38:30,,,,152 MiB,,,,,,,,,,,,,,,,,,,,,,155 MiB,,,,,,148 MiB,,,,,,,,,,,,,,,151 MiB,166 MiB,,,
2024-10-15 13:38:45,,,,153 MiB,,,,,,,,,,,,,,,,,,,,,,155 MiB,,,,,,148 MiB,,,,,,,,,,,,,,,151 MiB,166 MiB,,,
2024-10-15 13:39:00,,,,153 MiB,,,,,,,,,,,,,,,,,,,,,,155 MiB,,,,,,148 MiB,,,,,,,,,,,,,,,151 MiB,166 MiB,,,
2024-10-15 13:39:15,,,,153 MiB,,,,,,,,,,,,,,,,,,,,,,155 MiB,,,,,,148 MiB,,,,,,,,,,,,,,,151 MiB,166 MiB,,,
2024-10-15 13:39:30,,,,153 MiB,,,,,,,,,,,,,,,,,,,,,,155 MiB,,,,,,148 MiB,,,,,,,,,,,,,,,151 MiB,166 MiB,,,
2024-10-15 13:39:45,,,,153 MiB,,,,,,,,,,,,,,,,,,,,,,155 MiB,,,,,,148 MiB,,,,,,,,,,,,,,,151 MiB,166 MiB,,,
2024-10-15 13:40:00,,,,153 MiB,,,,,,,,,,,,,,,,,,,,,,155 MiB,,,,,,148 MiB,,,,,,,,,,,,,,,151 MiB,166 MiB,,,
2024-10-15 13:40:15,,,,153 MiB,,,,,,,,,,,,,,,,,,,,,,155 MiB,,,,,,148 MiB,,,,,,,,,,,,,,,151 MiB,166 MiB,,,
2024-10-15 13:40:30,,,,153 MiB,,,,,,,,,,,,,,,,,,,,,,155 MiB,,,,,,148 MiB,,,,,,,,,,,,,,,151 MiB,166 MiB,,,
2024-10-15 13:40:45,,,,153 MiB,,,,,,,,,,,,,,,,,,,,,,155 MiB,,,,,,148 MiB,,,,,,,,,,,,,,,151 MiB,166 MiB,,,
2024-10-15 13:41:00,,,,153 MiB,,,,,,,,,,,,,,,,,,,,,,155 MiB,,,,,,148 MiB,,,,,,,,,,,,,,,151 MiB,166 MiB,,,
2024-10-15 13:41:15,,,,153 MiB,,,,,,,,,,,,,,,,,,,,,,155 MiB,,,,,,148 MiB,,,,,,,,,,,,,,,151 MiB,121 MiB,,,
2024-10-15 13:41:30,,,,153 MiB,,,,,,,,,,,,,,,,,,,,,,155 MiB,,,,,23.1 MiB,148 MiB,,,,,,,,,,,,,,,151 MiB,124 MiB,,,
2024-10-15 13:41:45,,,,153 MiB,,,,,,,,,,,,,,,,,,,,,,155 MiB,,,,,23.1 MiB,148 MiB,,,,,,,,,,,,,,,151 MiB,127 MiB,,,
2024-10-15 13:42:00,,,,153 MiB,,,,,,,,,,,,,,,,,,,,,,155 MiB,,,,,23.1 MiB,148 MiB,,,,,,,,,,,71.3 MiB,,,,151 MiB,128 MiB,,,
2024-10-15 13:42:15,,,,153 MiB,,,,,,,,,,,,,,,,,,,,,,155 MiB,,,,,23.1 MiB,148 MiB,,,,,,,,,,,71.3 MiB,,,,151 MiB,128 MiB,,,
2024-10-15 13:42:30,,,,153 MiB,,,,,,,,,,,,,,,,,,,,,,155 MiB,,,,,23.1 MiB,148 MiB,,,,,,,,,,,71.3 MiB,,,,151 MiB,129 MiB,,,
2024-10-15 13:42:45,,,,153 MiB,,,,,,,,,,,,,,,,,,,,,,155 MiB,,,,,23.1 MiB,148 MiB,,,,,,,,,,,71.3 MiB,,,,151 MiB,129 MiB,,,
2024-10-15 13:43:00,,,,153 MiB,,,,,,,,,,,,,,,,,,,,,,155 MiB,,,,,23.1 MiB,148 MiB,,,,,,,,,,,71.3 MiB,19.4 MiB,,,151 MiB,129 MiB,,,
2024-10-15 13:43:15,,,,153 MiB,,,,,,,,,,,728 KiB,,,,,,,,,,,155 MiB,,,,,23.1 MiB,148 MiB,,,,,,,,,,,71.3 MiB,76.1 MiB,,,150 MiB,129 MiB,,,
2024-10-15 13:43:30,,,,152 MiB,,,,,,,,,,,116 MiB,,,,,,,,,,,155 MiB,,,,,23.1 MiB,148 MiB,,,,,,,,,,,71.3 MiB,76.1 MiB,,,150 MiB,129 MiB,,,
2024-10-15 13:43:45,,,,,,,,,,,,,,,128 MiB,,,,,,,,,,,,,,,,23.1 MiB,,,,,,,,,,,,71.3 MiB,76.1 MiB,,,,130 MiB,,,
2024-10-15 13:44:00,,,,,,,,,,,,,,,145 MiB,,,,,,,21.2 MiB,,,,,,,,,23.1 MiB,,,,,,,,,,,,71.3 MiB,76.1 MiB,,,,129 MiB,,,
2024-10-15 13:44:15,,,,,,,,,,,,,,,146 MiB,,,,,,,115 MiB,,,,,,,,,23.1 MiB,,,,,,,,,,,,71.3 MiB,76.1 MiB,,,,128 MiB,,,
2024-10-15 13:44:30,,,,,,,,,,,,,,,147 MiB,,,,,,,122 MiB,,,,,,,,,23.1 MiB,,,,,,,,,,,,71.3 MiB,76.1 MiB,,,,128 MiB,,,
2024-10-15 13:44:45,,,,,,,,,,,,,,,147 MiB,,,,,,,140 MiB,,,,,,,,,23.1 MiB,,,,,,,,,,,,71.3 MiB,76.1 MiB,,,,129 MiB,,,112 MiB
2024-10-15 13:45:00,,,,,,,,,,,,,,,148 MiB,,,,,,,141 MiB,,,,,,,,,23.1 MiB,,,,,,,,,,,,71.3 MiB,76.1 MiB,,,,129 MiB,,,121 MiB
2024-10-15 13:45:15,,,,,,,,,,,,,,,148 MiB,,,,,,,141 MiB,,,,,,,,,23.1 MiB,,,,,,,,,,,,71.3 MiB,76.1 MiB,,,,129 MiB,,,121 MiB
2024-10-15 13:45:30,,,,,,,,,,,,,,,148 MiB,,,,,,,141 MiB,,,,,,,,,23.1 MiB,,,,,,,,,,,,71.3 MiB,76.1 MiB,,,,129 MiB,,,121 MiB
2024-10-15 13:45:45,,,,,,,,,,,,,,,148 MiB,,,,,,,141 MiB,,,,,,,,,23.1 MiB,,,,,,,,,,,,71.3 MiB,76.1 MiB,,,,129 MiB,,,121 MiB
2024-10-15 13:46:00,,,,,,,,,,,,119 MiB,,,150 MiB,,,,,,,143 MiB,,,,,,,,,23.1 MiB,,,,,,,,,,,,71.3 MiB,76.1 MiB,,,,129 MiB,,,142 MiB
2024-10-15 13:46:15,,,,,,,,,,,,119 MiB,,,150 MiB,,,,,,,143 MiB,,,,,,,,,23.1 MiB,,,,,,,,,,,,71.3 MiB,76.1 MiB,,,,129 MiB,,,142 MiB
2024-10-15 13:46:30,,,,,,,,,,,,139 MiB,,,151 MiB,,,,,,,145 MiB,,,,,,,,,,,,,,,,,,,,,71.3 MiB,76.1 MiB,,,,131 MiB,,,144 MiB
2024-10-15 13:46:45,,,,,,,,,,,,139 MiB,,,152 MiB,,,,,,,145 MiB,,,,,,,,,,,,,,,,,,,,,71.3 MiB,76.1 MiB,,,,132 MiB,,,145 MiB
2024-10-15 13:47:00,,,,,,,,,,,,140 MiB,,,152 MiB,,,,,,,147 MiB,,,,,,,,,,,,,,,,,,,,,,76.1 MiB,,,,132 MiB,,,145 MiB
2024-10-15 13:47:15,,,,,,,,,,,,140 MiB,,,152 MiB,,,,,,,148 MiB,,,,,,,,,,,,,,,,,,,,,,76.1 MiB,,,,132 MiB,,,146 MiB
2024-10-15 13:47:30,,,,,,,,,,,,141 MiB,,,153 MiB,,,,,,,148 MiB,,,,,,,,,,,,,,,,,,,,,,76.1 MiB,,,,133 MiB,,,146 MiB
2024-10-15 13:47:45,,,,,,,,,,,,141 MiB,,,152 MiB,,,,,,,149 MiB,,,,,,,,,,,,,,,,,,,,,,76.1 MiB,,,,133 MiB,,,146 MiB
2024-10-15 13:48:00,,,,,,,,,,,,141 MiB,,,153 MiB,,,,,,,149 MiB,,,,,,,,,,,,,,,,,,,,,,75.8 MiB,,,,133 MiB,,,146 MiB
2024-10-15 13:48:15,,,,,,,,,,,,142 MiB,,,153 MiB,,,,,,,149 MiB,,,,,,,,,,,,,,,,,,,,,,,,,,133 MiB,,,146 MiB
2024-10-15 13:48:30,,,,,,,,,,,,142 MiB,,,153 MiB,,,,,,,149 MiB,,,,,,,,,,,,,,,,,,,,,,,,,,132 MiB,,,147 MiB
2024-10-15 13:48:45,,,,,,,,,,,,143 MiB,,,153 MiB,,,,,,,149 MiB,,,,,,,,,,,,,,,,,,,,,,,,,,132 MiB,,,149 MiB
2024-10-15 13:49:00,,,,,,,,,,,,143 MiB,,,153 MiB,,,,,,,150 MiB,,,,,,,,,,,,,,,,,,,,,,,,,,132 MiB,,,149 MiB
2024-10-15 13:49:15,,,,,,,,,,,,143 MiB,,,153 MiB,,,,,,,150 MiB,,,,,,,,,,,,,,,,,,,,,,,,,,132 MiB,,,149 MiB
2024-10-15 13:49:30,,,,,,,,,,,,143 MiB,,,153 MiB,,,,,,,150 MiB,,,,,,,,,,,,,,,,,,,,,,,,,,132 MiB,,,149 MiB
2024-10-15 13:49:45,,,,,,,,,,,,143 MiB,,,153 MiB,,,,,,,150 MiB,,,,,,,,,,,,,,,,,,,,,,,,,,132 MiB,,,149 MiB
2024-10-15 13:50:00,,,,,,,,,,,,143 MiB,,,153 MiB,,,,,,,150 MiB,,,,,,,,,,,,,,,,,,,,,,,,,,132 MiB,,,149 MiB
2024-10-15 13:50:15,,,,,,,,,,,,143 MiB,,,153 MiB,,,,,,,150 MiB,,,,,,,,,,,,,,,,,,,,,,,,,,132 MiB,,,149 MiB
2024-10-15 13:50:30,,,,,,,,,,,,143 MiB,,,153 MiB,,,,,,,150 MiB,,,,,,,,,,,,,,,,,,,,,,,,,,132 MiB,,,149 MiB
2024-10-15 13:50:45,,,,,,,,,,,,143 MiB,,,153 MiB,,,,,,,150 MiB,,,,,,,,,,,,,,,,,,,,,,,,,,132 MiB,,,149 MiB
2024-10-15 13:51:00,,,,,,,,,,,,148 MiB,,,154 MiB,,,,,,,151 MiB,,,,,,,,,,,,,,,,,,,,,,,,,,133 MiB,,,151 MiB
2024-10-15 13:51:15,,,,,,,,,,,,148 MiB,,,154 MiB,,,,,,,151 MiB,,,,,,,,,,,,,,,,,,,,,,,,,,133 MiB,,,150 MiB
2024-10-15 13:51:30,,,,,,,,,,,,148 MiB,,,154 MiB,,,,,,,151 MiB,,,,,,,,,,,,,,,,,,,,,,,,,,133 MiB,,,150 MiB
2024-10-15 13:51:45,,,,,,,,,,,,149 MiB,,,154 MiB,,,,,,,151 MiB,,,,,,,,,,,,,,,,,,,,,,,,,,133 MiB,,,150 MiB
2024-10-15 13:52:00,,,,,,,,,,,,149 MiB,,,154 MiB,,,,,,,151 MiB,,,,,,,,,,,,,,,,,,,,,,,,,,133 MiB,,,150 MiB
2024-10-15 13:52:15,,,,,,,,,,,,149 MiB,,,154 MiB,,,,,,,151 MiB,,,,,,,,,,,,,,,,,,,,,,,,,,133 MiB,,,151 MiB
2024-10-15 13:52:30,,,,,,,,,,,,149 MiB,,,154 MiB,,,,,,,151 MiB,,,,,,,,,,,,,,,,,,,,,,,,,,135 MiB,,,150 MiB
2024-10-15 13:52:45,,,,,,,,,,,,149 MiB,,,154 MiB,,,,,,,151 MiB,,,,,,,,,,,,,,,,,,,,,,,,,,136 MiB,,,150 MiB
2024-10-15 13:53:00,,,,,,,,,,,,149 MiB,,,154 MiB,,,,,,,151 MiB,,,,,,,,,,,,,,,,,,,,,,,,,,135 MiB,,,150 MiB
2024-10-15 13:53:15,,,,,,,,,,,,149 MiB,,,154 MiB,,,,,,,151 MiB,,,,,,,,,,,,,,,,,,,,,,,,,,135 MiB,,,150 MiB
2024-10-15 13:53:30,,,,,,,,,,,,149 MiB,,,154 MiB,,,,,,,151 MiB,,97.4 MiB,,,,,,,,,,,,,,,,,,,,,,,,134 MiB,,,150 MiB
2024-10-15 13:53:45,,,,,,,,,,,,149 MiB,,,154 MiB,,,,,,,151 MiB,,126 MiB,,,,,,,,,,,,,,,,,,,,,,,,139 MiB,,,150 MiB
2024-10-15 13:54:00,,,,,,,,,,,,149 MiB,,,154 MiB,,,,,,,151 MiB,,130 MiB,,,,,,,,,,,,,,,,,,,,,,,,139 MiB,23.0 MiB,,150 MiB
2024-10-15 13:54:15,,,,,,,,,,,,149 MiB,,,154 MiB,,,,,,,151 MiB,,129 MiB,,,,,,,,,,,,,,,,,,,,,,,,132 MiB,116 MiB,,150 MiB
2024-10-15 13:54:30,,,,,,,,,,,,149 MiB,,,154 MiB,,,,,,,151 MiB,,127 MiB,,,,,,,,,,,,,,,,,,,,,,,,132 MiB,121 MiB,,150 MiB
2024-10-15 13:54:45,,,69.8 MiB,,,,,,,,,149 MiB,,,154 MiB,,,,,,,151 MiB,,127 MiB,,,,,,,,,,,,,,,,,,,,,,,,128 MiB,116 MiB,,150 MiB
2024-10-15 13:55:00,,,115 MiB,,,,,,,,,149 MiB,,,154 MiB,,,,,,,151 MiB,,127 MiB,,,,,,,,,,,,,,,,,,,,,,,,128 MiB,122 MiB,,150 MiB
2024-10-15 13:55:15,,,119 MiB,,,,,,,,,149 MiB,,,154 MiB,,,,,,,151 MiB,,128 MiB,,,,,,,,,,,,,,,,,,,,,284 KiB,,,128 MiB,117 MiB,,150 MiB
2024-10-15 13:55:30,,,120 MiB,,,,,,,,,149 MiB,,,154 MiB,,,,,,,151 MiB,,128 MiB,,,,,,,,,,,,,,,,,,,,,7.36 MiB,,,128 MiB,117 MiB,,150 MiB
2024-10-15 13:55:45,,,120 MiB,,,,,,,,,149 MiB,,,154 MiB,,,,,,,151 MiB,,128 MiB,,,,,,,,,,,,,,,,,,,,,7.36 MiB,,,128 MiB,117 MiB,,150 MiB
2024-10-15 13:56:00,,,119 MiB,,,,,,,,,149 MiB,,,154 MiB,,,,,,,151 MiB,,127 MiB,,,,,,,,,,,,,,,,,,,,,113 MiB,,,124 MiB,118 MiB,,150 MiB
2024-10-15 13:56:15,,,119 MiB,,,,,,,,,149 MiB,,,154 MiB,,,,,,,151 MiB,,127 MiB,,,,,,,,,,,,,,,,,,,,,118 MiB,,,124 MiB,118 MiB,,150 MiB
2024-10-15 13:56:30,,,119 MiB,,,,,,,,,149 MiB,,,154 MiB,,,,,,,151 MiB,,127 MiB,,,,,,,,,,,,,,,,,,,,,118 MiB,,,124 MiB,118 MiB,,150 MiB
2024-10-15 13:56:45,,,120 MiB,,,,,,,,,149 MiB,,,154 MiB,,,,,,,151 MiB,,127 MiB,,,,,,,,,,,,,,,,,,,,,118 MiB,,,124 MiB,119 MiB,,150 MiB
2024-10-15 13:57:00,,,120 MiB,,,,,,,,,149 MiB,,,154 MiB,,,,,,,151 MiB,,127 MiB,,,,,,,,,,,,,,,,,,,,,120 MiB,,,124 MiB,119 MiB,,150 MiB
2024-10-15 13:57:15,,,120 MiB,,,,,,,,,149 MiB,,,154 MiB,,,,,,,151 MiB,,128 MiB,,,,,,,,,,,,,,,,,,,,,121 MiB,,,124 MiB,120 MiB,,150 MiB
2024-10-15 13:57:30,,,129 MiB,,,,,,,,,,,,,,,,,,,,,138 MiB,,,,,,,,,,,,,,,,,,,,,121 MiB,,,124 MiB,120 MiB,,
2024-10-15 13:57:45,,,121 MiB,,,,,,,,,,,,,,,,,,,,,138 MiB,,,,,,,,,,,,,,,,,,,,,122 MiB,,,124 MiB,120 MiB,,
2024-10-15 13:58:00,,,121 MiB,,,,,,,,,,,,,,,,,,,,,139 MiB,,,,,,,,,,,,,,,,,,,,,122 MiB,,,124 MiB,123 MiB,,
2024-10-15 13:58:15,,,122 MiB,,,,,,,,,,,,,,,,,,,,,139 MiB,,,,,,,,,,,,,,,,,,,,,122 MiB,,,124 MiB,121 MiB,,
2024-10-15 13:58:30,,,122 MiB,,,,,,,,,,,,,,,,,,,,,139 MiB,,,,,,,,,,,,,,,,,,,,,123 MiB,,,124 MiB,121 MiB,,
2024-10-15 13:58:45,,,122 MiB,,,,,,,,,,,,,,,,,,,,,139 MiB,,,,,,,,,,,,,,,,,,,,,123 MiB,,,126 MiB,121 MiB,,
2024-10-15 13:59:00,,,122 MiB,,,,,,,,,,,,,,,,,,,,,139 MiB,,,,,,,,,,,,,,,,,,,,,123 MiB,,,126 MiB,121 MiB,,
2024-10-15 13:59:15,,,122 MiB,,,,,,,,,,,,,,,,,,,,,139 MiB,,,,,,,,,,,,,,,,,,,,,123 MiB,,,126 MiB,121 MiB,,
2024-10-15 13:59:30,,,122 MiB,,,,,,,,,,,,,,,,,,,,,139 MiB,,,,,,,,,,,,,,,,,,,,,123 MiB,,,126 MiB,121 MiB,,
2024-10-15 13:59:45,,,122 MiB,,,,,,,,,,,,,,,,,,,,,139 MiB,,,,,,,,,,,,,,,,,,,,,123 MiB,,,127 MiB,121 MiB,5.92 MiB,
2024-10-15 14:00:00,,,122 MiB,,,,,,,,,,,,,,,,,,,,,139 MiB,,,,,,,,,,,,,,,,,,,,,123 MiB,,,127 MiB,121 MiB,23.0 MiB,
2024-10-15 14:00:15,,,122 MiB,,,,,,,,,,,,,,,,,,,,,139 MiB,,,,,,,,,,,,,,,,,,,,,123 MiB,,,127 MiB,121 MiB,23.0 MiB,
2024-10-15 14:00:30,,,122 MiB,,,,,,,,,,,,,,,,,,,,,139 MiB,,,,,,,,,,,,,,,,,,,,,123 MiB,,,127 MiB,121 MiB,23.0 MiB,
2024-10-15 14:00:45,,,122 MiB,,,,,,,,,,,,,,,,,,,,,139 MiB,,,,,,,,,,,,,,,,,,,,,123 MiB,,,128 MiB,121 MiB,23.0 MiB,
2024-10-15 14:01:00,,,122 MiB,,,,,,,,,,,,,,,,,,,,,139 MiB,,,,,,,,,,,,,,72.6 MiB,,,,,,,123 MiB,,,128 MiB,121 MiB,23.0 MiB,
2024-10-15 14:01:15,,,122 MiB,,,,,,,,,,,,,,,,,,,,,139 MiB,,,,,,,,,,,,,,72.6 MiB,,,,,,,123 MiB,,,128 MiB,121 MiB,23.0 MiB,
2024-10-15 14:01:30,,,122 MiB,,,,,,,,,,,,,,,,,,,,,139 MiB,,,,,,,,,,,,,,72.6 MiB,,,,,,,123 MiB,,,128 MiB,121 MiB,23.0 MiB,
2024-10-15 14:01:45,,,122 MiB,,,,,,,,,,,,,,,,,,,,,139 MiB,,,,,,,,,,,,,,72.6 MiB,,,,,,,123 MiB,,,128 MiB,121 MiB,23.0 MiB,
2024-10-15 14:02:00,,,122 MiB,,,,,,,,,,,,,,,,,,,,,139 MiB,,,,,,,,,,,,,,72.6 MiB,,,,,,,123 MiB,,,128 MiB,121 MiB,23.0 MiB,
2024-10-15 14:02:15,,,122 MiB,,,,,,,,,,,,,,,,,,,,,139 MiB,,,,,,,,,,,,,,72.6 MiB,,,,,,,123 MiB,,,128 MiB,121 MiB,23.0 MiB,
2024-10-15 14:02:30,,,122 MiB,,,,,,,,,,,,,,,,,,,,,139 MiB,,,,,,,,,,,,,,72.6 MiB,,,,,,,123 MiB,,,128 MiB,121 MiB,23.0 MiB,
2024-10-15 14:02:45,,,122 MiB,,,,,,,,,,,,,,,,,,,,,139 MiB,,,,,,,,,,,,,,72.6 MiB,,,,,,,123 MiB,,,128 MiB,121 MiB,23.0 MiB,
2024-10-15 14:03:00,,,122 MiB,,,,,,,,,,,,,,,,,,,,,139 MiB,,,,,,,,,,,,,,72.6 MiB,,,,,,,123 MiB,,,128 MiB,121 MiB,23.0 MiB,
2024-10-15 14:03:15,,,122 MiB,,,,,,,,,,,,,,,,,,,,,139 MiB,,,,,,,,,,,,,,72.6 MiB,,,,,,,123 MiB,,,128 MiB,121 MiB,23.0 MiB,
2024-10-15 14:03:30,,,,,,,,,,,,,,,,,,,,,,,,139 MiB,,,,,,,,,,,,,,72.6 MiB,,,,,,,123 MiB,,,128 MiB,120 MiB,23.0 MiB,
2024-10-15 14:03:45,,,,,,,,,,,,,,,,,,,,,,,,,,,,,,,,,,,,,,72.6 MiB,,,,,,,,,,129 MiB,,23.0 MiB,
2024-10-15 14:04:00,,,,,,,,,,,,,,,,,,,,,,,,,,,,,,,,,,,,,,72.6 MiB,,,,,,,,,,129 MiB,,23.0 MiB,
2024-10-15 14:04:15,,,,,,,,,,,,,,,,,,,,,,,,,,,,,,,,,,,,,,72.6 MiB,,,,,,,,,,129 MiB,,23.0 MiB,
2024-10-15 14:04:30,,,,,,,,,,,,,,,,,,,,,,,,,,,,,,,,,,,,,,72.6 MiB,,,,,,,,,,129 MiB,,23.0 MiB,
2024-10-15 14:04:45,,,,,,,,,,,,,,,,,,,,,,,,,,,,,,,,,,,,,,72.6 MiB,,,,,,,,,,129 MiB,,22.0 MiB,
2024-10-15 14:05:00,,,,,,,,,,,,,,,,,,,,,,,,,,,,,,,,,,,,,,72.6 MiB,,,,,,,,,,129 MiB,,,
2024-10-15 14:05:15,,,,,,,,,,,,,,,,,,,,,,,,,,,,,,,,,,,,,,72.6 MiB,,,,,,,,,,130 MiB,,,
2024-10-15 14:05:30,,,,,,,,,,,,,,,,,,,,,,,,,,,,,,,,,,,,,,72.6 MiB,,,,,,,,,,130 MiB,,,
2024-10-15 14:05:45,,,,,,,,,,,,,,,,,,,,,,,,,,,,,,,,,,,,,,72.6 MiB,,,,,,,,,,127 MiB,,,
2024-10-15 14:06:00,,,,,,,,,,,,,,,,,,,,,,,,,,,,,,,,,,,,,,,,,,,,,,,,127 MiB,,,
2024-10-15 14:06:15,,,,,,,,,,,,,,,,,,,,,,,,,,,,,,,,,,,,,,,,,,,,,,,,127 MiB,,,
2024-10-15 14:06:30,,,,,,,,,,,,,,,,,,,,,,,,,,,,,,,,,,,,,,,,,,,,,,,,127 MiB,,,
2024-10-15 14:06:45,,,,,,,,,,,,,,,,,,,,,,,,,,,,,,,,,,,,,,,,,,,,,,,,125 MiB,,,
2024-10-15 14:07:00,,,,,,,,,,,,,,,,,,,,,,,,,,,,,,,,,,,,,,,,,,,,,,,,126 MiB,,,
2024-10-15 14:07:15,,,,,,,,,,,,,,,,,,,,,,,,,,,,,,,,,,,,,,,,,,,,,,,,126 MiB,,,
2024-10-15 14:07:30,,,,,,,,,,,,,,,,,,,,,,,,,,,,,,,,,,,,,,,,,,,,,,,,125 MiB,,,
2024-10-15 14:07:45,,,,,,,,,,,,,,,,,,,,,,,,,,,,,,,,,,,,,,,,,,,,,,,,125 MiB,,,
2024-10-15 14:08:00,,,,,,,,,,,,,,,,,,,,,,,,,,,,,,,,,,,,,,,,,,,,,,,,125 MiB,,,
2024-10-15 14:08:15,,,,,,,,,,,,,,,,,,,,,,,,,,,,,,,,,,,,,,,,,,,,,,,,124 MiB,,,
2024-10-15 14:08:30,,,,,,,,,,,,,,,,,,,,,,,,,,,,,,,,,,,,,,,,,,,,,,,,124 MiB,,,
2024-10-15 14:08:45,,,,,,,,,,,,,,,,,,,,,,,,,,,,,,,,,,,,,,,,,,,,,,,,125 MiB,,,
2024-10-15 14:09:00,,,,,,,,,,,,,,,,,,,,,,,,,,,,,,,,,,,,,,,,,,,,,,,,125 MiB,,,
2024-10-15 14:09:15,,,,,,,,,,,,,,,,,,,,,,,,,,,,,,,,,,,,,,,,,,,,,,,,125 MiB,,,
2024-10-15 14:09:30,,,,,,,,,,,,,,,,,,,,,,,,,,,,,,,,,,,,,,,,,,,,,,,,125 MiB,,,
2024-10-15 14:09:45,,,,,,,,,,,,,,,,,,,,,,,,,,,,,,,,,,,,,,,,,,,,,,,,125 MiB,,,
2024-10-15 14:10:00,,,,,,,,,,,,,,,,,,,,,,,,,,,,,,,,,,,,,,,,,,,,,,,,125 MiB,,,
2024-10-15 14:10:15,,,,,,,,,,,,,,,,,,,,,,,,,,,,,,,,,,,,,,,,,,,,,,,,125 MiB,,,
2024-10-15 14:10:30,,,,,,,,,,,,,,,,,,,,,,,,,,,,,,,,,,,,,,,,,,,,,,,,125 MiB,,,
2024-10-15 14:10:45,,,,,,,,,,,,,,,,,,,,,,,,,,,,,,,,,,,,,,,,,,,,,,,,126 MiB,,,
2024-10-15 14:11:00,,,,,,,,,,,,,,,,,,,,,,,,,,,,,,,,,,,,,,,,,,,,,,,,125 MiB,,,
2024-10-15 14:11:15,,,,,,,,,,,,,,,,,,,,,,,,,,,,,,,,,,,,,,,,,,,,,,,,125 MiB,,,
2024-10-15 14:11:30,,,,,,,,,,,,,,,,,,,,,,,,,,,,,,,,,,,,,,,,,,,,,,,,125 MiB,,,
2024-10-15 14:11:45,,,,,,,,,,,,,,,,,,,,,,,,,,,,,,,,,,,,,,,,,,,,,,,,125 MiB,,,
2024-10-15 14:12:00,,,,,,,,,,,,,,,,,,,,,,,,,,,,,,,,,,,,,,,,,,,,,,,,126 MiB,,,
2024-10-15 14:12:15,,,,,,,,,,,,,,,,,,,,,,,,,,,,,,,,,,,,,,,,,,,,,,,,128 MiB,,,
2024-10-15 14:12:30,,,,,,,,,,,,,,,,,,,,,,,,,,,,,,,,,,,,,,,,,,,,,,,,128 MiB,,,
2024-10-15 14:12:45,,,,,,,,,,,,,,,,,,,,,,,,,,,,,,,,,,,,,,,,,,,,,,,,128 MiB,,,
2024-10-15 14:13:00,,,,,,,,,,,,,,,,,,,,,,,,,,,,,,,,,,,,,,,,,,,,,,,,128 MiB,,,
2024-10-15 14:13:15,,,,,,,,,,,,,,,,,,,,,,,,,,,,,,,,,,,,,,,,,,,,,,,,128 MiB,,,
2024-10-15 14:13:30,,,,,,,,,,,,,,,,,,,,,,,,,,,,,,,,,,,,,,,,,,,,,,,,129 MiB,,,
2024-10-15 14:13:45,,,,,,,,,,,,,,,,,,,,,,,,,,,,,,,,,,,,,,,,,,,,,,,,128 MiB,,,
2024-10-15 14:14:00,,,,,,,,,,,,,,,,,,,,,,,,,,,,,,,,,,,,,,,,,,,,,,,,129 MiB,,,
2024-10-15 14:14:15,,,,,,,,,,,,,,,,,,,,,,,,,,,,,,,,,,,,,,,,,,,,,,,,128 MiB,,,
2024-10-15 14:14:30,,,,,,,,,,,,,,,,,,,,,,,,,,,,,,,,,,,,,,,,,,,,,,,,129 MiB,,,
2024-10-15 14:14:45,,,,,,,,,,,,,,,,,,85.5 MiB,,,,,,,,,,,,,,,,,,,,,,,,,,,,,,131 MiB,,,
2024-10-15 14:15:00,,,,,,,,,,,,,,,,,,102 MiB,,,,,,,,,,,,,,,,,,,,,,,,,,,,,,133 MiB,,,
2024-10-15 14:15:15,,,,,,,,,,,,,,,,,,136 MiB,,,,,,,,,,,,,,,,,,,,,,,,,,,,,,134 MiB,,,
2024-10-15 14:15:30,,,,,,,,,,,79.9 MiB,,,,,,,139 MiB,,,,,,,,,,,,,,,,,,,,,,,,,,,,,,130 MiB,,,
2024-10-15 14:15:45,,,,,,,,,,,84.8 MiB,,,,,,,145 MiB,,,,,,,,,,,,,,,,,,,,,,,,,,,,,,130 MiB,,,
2024-10-15 14:16:00,,,,,,,,,,,114 MiB,,,,,,,150 MiB,,,,,,,,,,,,,,,,,,,,,,,,,,,,,,131 MiB,,,
2024-10-15 14:16:15,,,,,,,,,,78.1 MiB,116 MiB,,,,,,,149 MiB,,,,,,,,,,,,,,,,,,,,,,,,,,,,,,122 MiB,,,
2024-10-15 14:16:30,,,,,,,,,,83.1 MiB,120 MiB,,,,,,,154 MiB,,,,,,,,,,,,,,,,,,,,,,,,,,,,,,122 MiB,,,
2024-10-15 14:16:45,,,,,,,,,46.1 MiB,117 MiB,124 MiB,,,,,,,153 MiB,,,,,,,,,,,,,,,,,,,,,,,,,,,,,,119 MiB,,,
2024-10-15 14:17:00,,,,,,,,,69.7 MiB,117 MiB,123 MiB,,,,,,,148 MiB,,,,,,,,,,,,,,,,,,,,,,,,,,,,,,109 MiB,,,
2024-10-15 14:17:15,,,,,,,,,82.3 MiB,123 MiB,129 MiB,,,,,,,151 MiB,,,,,,,,,,,,,,,,,,,,,,,,,,,,,,111 MiB,,,
2024-10-15 14:17:30,,,,,,,,,108 MiB,125 MiB,133 MiB,,,,,,,156 MiB,,,,,,,,,,,,,,,,,,,,,,,,,,,,,,118 MiB,,,
2024-10-15 14:17:45,,,,,,,,,114 MiB,128 MiB,134 MiB,,,,,,,159 MiB,,,,,,,,,,,,,,,,,,,,,,,,,,,,,,119 MiB,,,
2024-10-15 14:18:00,,,,,,,,,112 MiB,129 MiB,135 MiB,,,,,,,159 MiB,,,,,,,,,,,,,,,,,,,,,,,,,,,,,,137 MiB,,,
2024-10-15 14:18:15,,,,,,,,,112 MiB,130 MiB,138 MiB,,,,,,,160 MiB,,,,,,,,,,,,,,,,,,,,,,,,,,,,,,137 MiB,,,
2024-10-15 14:18:30,,,,,,,,,113 MiB,130 MiB,139 MiB,,,,,,,160 MiB,,,,,,,,,,,,,,,,,,,,,,,,,,,,,,138 MiB,,,
2024-10-15 14:18:45,,,,,,,,,113 MiB,131 MiB,139 MiB,,,,,,,163 MiB,,,,,,,,,,,,,,,,,,,,,,,,,,,,,,138 MiB,,,
2024-10-15 14:19:00,,,,,,,,,115 MiB,131 MiB,140 MiB,,,,,,,164 MiB,,,,,,,,,,,,,,,,,,,,,,,,,,,,,,139 MiB,,,
2024-10-15 14:19:15,,,,,,,,,116 MiB,131 MiB,140 MiB,,,,,,,164 MiB,,,,,,,,,,,,,,,,,,,,,,,,,,,,,,139 MiB,,,
2024-10-15 14:19:30,,,,,,,,,116 MiB,129 MiB,140 MiB,,,,,,,163 MiB,,,,,,,,,,,,,,,,,,,,,,,,,,,,,,138 MiB,,,
2024-10-15 14:19:45,,,,,,,,,117 MiB,132 MiB,141 MiB,,,,,,,163 MiB,,,,,,,,,,,,,,,,,,,,,,,,,,,,,,139 MiB,,,
2024-10-15 14:20:00,,,,,,,,,117 MiB,132 MiB,141 MiB,,,,,,,163 MiB,,,,,,,,,,,,,,,,,,,,,,,,,,,,,,140 MiB,,,
2024-10-15 14:20:15,,,,,,,,,117 MiB,132 MiB,143 MiB,,,,,,,163 MiB,,,,,,,,,,,,,,,,,,,,,,,,,,,,,,141 MiB,,,
2024-10-15 14:20:30,,,,,,,,,118 MiB,133 MiB,144 MiB,,,,,,,163 MiB,,,,,,,,,,,,,,,,,,,,,,,,,,,,,,141 MiB,,,
2024-10-15 14:20:45,,,,,,,,,144 MiB,138 MiB,143 MiB,,,,,,,162 MiB,,,,,,,,,,,,,,,,,,,,,,,,,,,,,,145 MiB,,,
2024-10-15 14:21:00,,,,,,,,,144 MiB,138 MiB,142 MiB,,,,,,,161 MiB,,,,,,,,,,,,,,,,,,,,,,,,,,,,,,144 MiB,,,
2024-10-15 14:21:15,,,,,,,,,144 MiB,138 MiB,143 MiB,,,,,,,161 MiB,,,,,,,,,,,,,,,,,,,,,,,,,,,,,,144 MiB,,,
2024-10-15 14:21:30,,,,,,,,,144 MiB,137 MiB,142 MiB,,,,,,,160 MiB,,,,,,,,,,,,,,,,,,,,,,,,,,,,,,144 MiB,,,
2024-10-15 14:21:45,,,,,,,,,144 MiB,138 MiB,142 MiB,,,,,,,160 MiB,,,,,,,,,,,,,,,,,,,,,,,,,,,,,,144 MiB,,,
2024-10-15 14:22:00,,,,,,,,,144 MiB,138 MiB,143 MiB,,,,,,,160 MiB,,,,,,,,,,,,,,,,,,,,,,,,,,,,,,144 MiB,,,
2024-10-15 14:22:15,,,,,,,,,144 MiB,138 MiB,143 MiB,,,,,,,161 MiB,,,,,,,,,,,,,,,,,,,,,,,,,,,,,,146 MiB,,,
2024-10-15 14:22:30,,,,,,,,,144 MiB,138 MiB,143 MiB,,,,,,,161 MiB,,,,,,,,,,,,,,,,,,,,,,,,,,,,,,146 MiB,,,
2024-10-15 14:22:45,,,,,,,,,144 MiB,138 MiB,143 MiB,,,,,,,161 MiB,,,,,,,,,,,,,,,,,,,,,,,,,,,,,,146 MiB,,,
2024-10-15 14:23:00,,,,,,,,,144 MiB,138 MiB,143 MiB,,,,,,,161 MiB,,,,,,,,,,,,,,,,,,,,,,,,,,,,,,146 MiB,,,
2024-10-15 14:23:15,,,,,,,,,144 MiB,138 MiB,143 MiB,,,,,,,161 MiB,,,,,,,,,,,,,,,,,,,,,,,,,,,,,,146 MiB,,,
2024-10-15 14:23:30,,,,,,,,,144 MiB,138 MiB,143 MiB,,,,,,,161 MiB,,,,,,,,,,,,,,,,,,,,,,,,,,,,,,146 MiB,,,
2024-10-15 14:23:45,,,,,,,,,144 MiB,138 MiB,143 MiB,,,,,,,161 MiB,,,,,,,,,,,,,,,,,,,,,,,,,,,,,,146 MiB,,,
2024-10-15 14:24:00,,,,,,,,,144 MiB,138 MiB,143 MiB,,,,,,,161 MiB,,,,,,,,,,,,,,,,,,,,,,,,,,,,,,148 MiB,,,
2024-10-15 14:24:15,,,,,,,,,144 MiB,138 MiB,143 MiB,,,,,,,161 MiB,,,,,,,,,,,,,,,,,,,,,,,,,,,,,,147 MiB,,,
2024-10-15 14:24:30,,,,,,,,,144 MiB,138 MiB,143 MiB,,,,,,,161 MiB,,,,,,,,,,,,,,,,,,,,,,,,,,,,,,147 MiB,,,
2024-10-15 14:24:45,,,,,,,,,144 MiB,138 MiB,143 MiB,,,,,,,161 MiB,,,,,,,,,,,,,,,,,,,,,,,,,,,,,,147 MiB,,,
2024-10-15 14:25:00,,,,,,,,,144 MiB,138 MiB,143 MiB,,,,,,,161 MiB,,,,,,,,,,,,,,,,,,,,,,,,,,,,,,148 MiB,,,
2024-10-15 14:25:15,,,,,,,,,144 MiB,138 MiB,143 MiB,,,,,,,161 MiB,,,,,,,,,,,,,,,,,,,,,,,,,,,,,,147 MiB,,,
2024-10-15 14:25:30,,,,,,,,,144 MiB,138 MiB,143 MiB,,,,,,,161 MiB,,,,,,,,,,,,,,,,,,,,,,,,,,,,,,148 MiB,,,
2024-10-15 14:25:45,,,,,,,,,144 MiB,138 MiB,143 MiB,,,,,,,161 MiB,,,,,,,,,,,,,,,,,,,,,,,,,,,,,,148 MiB,,,
2024-10-15 14:26:00,,,,,,,,,144 MiB,138 MiB,143 MiB,,,,,,,161 MiB,,,,,,,,,,,,,,,,,,,,,,,,,,,,,,148 MiB,,,
2024-10-15 14:26:15,,,,,,,,,144 MiB,138 MiB,143 MiB,,,,,,,161 MiB,,,,,,,,,,,,,,,,,,,,,,,,,,,,,,148 MiB,,,
2024-10-15 14:26:30,,,,,,,,,144 MiB,138 MiB,143 MiB,,,,,,,161 MiB,,,,,,,,,,,,,,,,,,,,,,,,,,,,,,149 MiB,,,
2024-10-15 14:26:45,,,,,,,,,144 MiB,138 MiB,143 MiB,,,,,,,161 MiB,,,,,,,,,,,,,,,,,,,,,,,,,,,,,,148 MiB,,,
2024-10-15 14:27:00,,,,,,,,,144 MiB,137 MiB,142 MiB,,,,,,,160 MiB,,,,,,,1.25 MiB,,,,,,,,,,,,,,,,,,,,,,,149 MiB,,,
2024-10-15 14:27:15,,,,,,,,,,,,,,,,,,,,,,,,,90.1 MiB,,,,,,,,,,,,,,,,,,,,,,,150 MiB,,,
2024-10-15 14:27:30,,,,,,,,,,,,,,,,,,,,,,,,,121 MiB,,,,,,,,,,,,,,,,,,,,,,,151 MiB,,,
2024-10-15 14:27:45,,,,,,,,,,,,,,,,,,,,,,,,,125 MiB,,,,,,,,,,,,,,,,21.9 MiB,,,,,,,152 MiB,,,
2024-10-15 14:28:00,,,,,,,,,,,,,,,,,,,,,,,,,129 MiB,,,,,,,,,,,,,,,,80.7 MiB,,,,,,,153 MiB,,,
2024-10-15 14:28:15,,,,,,,,,,,,,,,,,,,,,,,,,134 MiB,,,,,,,,,,,,,,,,114 MiB,,,,,,,154 MiB,,,
2024-10-15 14:28:30,,,,,,,,,,,,,,,,68.9 MiB,,,,,,,,,137 MiB,,,,,,,,,,,,,,,,120 MiB,,,,,,,149 MiB,,,
2024-10-15 14:28:45,,,,,,,,,,,,,,,,78.6 MiB,,,,,,,,,141 MiB,,,,,,,,,,,,,,,,124 MiB,,,,,,,149 MiB,,,
2024-10-15 14:29:00,,,,,,,,,,,,,,,,111 MiB,,,,,,,,,159 MiB,,,,,,,,,,,,,,,,128 MiB,,,,,,,150 MiB,,,
2024-10-15 14:29:15,,,,,,276 KiB,,,,,,,,,,111 MiB,,,,,,,,,159 MiB,,,,,,,,,,,,,,,,128 MiB,,,,,,,150 MiB,,,
2024-10-15 14:29:30,,,,,,78.0 MiB,,,,,,,,,,116 MiB,,,,,,,,,148 MiB,,,,,,,,,,,,,,,,131 MiB,,,,,,,140 MiB,,,
2024-10-15 14:29:45,,,,,,109 MiB,,,,,,,,,,121 MiB,,,,,,,,,151 MiB,,,,,,,,,,,,,,,,135 MiB,,,,,,,141 MiB,,,
2024-10-15 14:30:00,,,,,,114 MiB,,,,,,,,,,123 MiB,,,,,,,,,152 MiB,,,,,,,,,,,,,,,,137 MiB,,,,,,,141 MiB,,,
2024-10-15 14:30:15,,,,,,113 MiB,,,,,,,,,,124 MiB,,,,,,,,,153 MiB,,,,,,,,,,,,,,,,135 MiB,,,,,,,142 MiB,,,
2024-10-15 14:30:30,,,,,,113 MiB,,,,,,,,,,124 MiB,,,,,,,,,154 MiB,,,,,,,,,,,,,,,,136 MiB,,,,,,,142 MiB,,,
2024-10-15 14:30:45,,,,,,114 MiB,,,,,,,,,,125 MiB,,,,,,,,,154 MiB,,,,,,,,,,,,,,,,137 MiB,,,,,,,143 MiB,,,
2024-10-15 14:31:00,,,,,,114 MiB,,,,,,,,,,125 MiB,,,,,,,,,155 MiB,,,,,,,,,,,,,,,,137 MiB,,,,,,,143 MiB,,,
2024-10-15 14:31:15,,,,,,115 MiB,,,,,,,,,,126 MiB,,,,,,,,,155 MiB,,,,,,,,,,,,,,,,138 MiB,,,,,,,143 MiB,,,
2024-10-15 14:31:30,,,,,,116 MiB,,,,,,,,,,126 MiB,,,,,,,,,155 MiB,,,,,,,,,,,,,,,,138 MiB,,,,,,,144 MiB,,,
2024-10-15 14:31:45,,,,,,116 MiB,,,,,,,,,,127 MiB,,,,,,,,,156 MiB,,,,,,,,,,,,,,,,138 MiB,,,,,,,144 MiB,,,
2024-10-15 14:32:00,,,,,,117 MiB,,,,,,,,,,128 MiB,,,,,,,,,156 MiB,,,,,,,,,,,,,,,,139 MiB,,,,,,,144 MiB,,,
2024-10-15 14:32:15,,,,,,118 MiB,,,,,,,,,,128 MiB,,,,,,,,,156 MiB,,,,,,,,,,,,,,,,140 MiB,,,,,,,144 MiB,,,
2024-10-15 14:32:30,,,,,,119 MiB,,,,,,,,,,129 MiB,,,,,,,,,157 MiB,,,,,,,,,,,,,,,,141 MiB,,,,,,,145 MiB,,,
2024-10-15 14:32:45,,,,,,119 MiB,,,,,,,,,,129 MiB,,,,,,,,,157 MiB,,,,,,,,,,,,,,,,142 MiB,,,,,,,145 MiB,,,
2024-10-15 14:33:00,,,,,,151 MiB,,,,,,,,,,151 MiB,,,,,,,,,157 MiB,,,,,,,,,,,,,,,,153 MiB,,,,,,,146 MiB,,,
2024-10-15 14:33:15,,,,,,151 MiB,,,,,,,,,,151 MiB,,,,,,,,,158 MiB,,,,,,,,,,,,,,,,153 MiB,,,,,,,147 MiB,,,
2024-10-15 14:33:30,,,,,,151 MiB,,,,,,,,,,152 MiB,,,,,,,,,158 MiB,,,,,,,,,,,,,,,,153 MiB,,,,,,,147 MiB,,,
2024-10-15 14:33:45,,,,,,152 MiB,,,,,,,,,,152 MiB,,,,,,,,,158 MiB,,,,,,,,,,,,,,,,153 MiB,,,,,,,148 MiB,,,
2024-10-15 14:34:00,,,,,,152 MiB,,,,,,,,,,152 MiB,,,,,,,,,158 MiB,,,,,,,,,,,,,,,,153 MiB,,,,,,,147 MiB,,,
2024-10-15 14:34:15,,,,,,152 MiB,,,,,,,,,,153 MiB,,,,,,,,,158 MiB,,,,,,,,,,,,,,,,154 MiB,,,,,,,148 MiB,,,
2024-10-15 14:34:30,,,,,,152 MiB,,,,,,,,,,153 MiB,,,,,,,,,158 MiB,,,,,,,,,,,,,,,,154 MiB,,,,,,,148 MiB,,,
2024-10-15 14:34:45,,,,,,152 MiB,,,,,,,,,,153 MiB,,,,,,,,,159 MiB,,,,,,,,,,,,,,,,155 MiB,,,,,,,148 MiB,,,
2024-10-15 14:35:00,,,,,,153 MiB,,,,,,,,,,153 MiB,,,,,,,,,159 MiB,,,,,,,,,,,,,,,,155 MiB,,,,,,,149 MiB,,,
2024-10-15 14:35:15,,,,,,153 MiB,,,,,,,,,,153 MiB,,,,,,,,,159 MiB,,,,,,,,,,,,,,,,155 MiB,,,,,,,149 MiB,,,
2024-10-15 14:35:30,,,,,,153 MiB,,,,,,,,,,154 MiB,,,,,,,,,159 MiB,,,,,,,,,,,,,,,,155 MiB,,,,,,,149 MiB,,,
2024-10-15 14:35:45,,,,,,156 MiB,,,,,,,,,,154 MiB,,,,,,,,,159 MiB,,,,,,,,,,,,,,,,155 MiB,,,,,,,149 MiB,,,
2024-10-15 14:36:00,,,,,,154 MiB,,,,,,,,,,154 MiB,,,,,,,,,159 MiB,,,,,,,,,,,,,,,,155 MiB,,,,,,,149 MiB,,,
2024-10-15 14:36:15,,,,,,153 MiB,,,,,,,,,,153 MiB,,,,,,,,,158 MiB,,,,,,,,,,,,,,,,155 MiB,,,,,,,148 MiB,,,
2024-10-15 14:36:30,,,,,,153 MiB,,,,,,,,,,154 MiB,,,,,,,,,157 MiB,,,,,,,,,,,,,,,,154 MiB,,,,,,,147 MiB,,,
2024-10-15 14:36:45,,,,,,153 MiB,,,,,,,,,,154 MiB,,,,,,,,,157 MiB,,,,,,,,,,,,,,,,153 MiB,,,,,,,147 MiB,,,
2024-10-15 14:37:00,,,,,,153 MiB,,,,,,,,,,154 MiB,,,,,,,,,157 MiB,,,,,,,,,,,,,,,,154 MiB,,,,,,,147 MiB,,,
2024-10-15 14:37:15,,,,,,153 MiB,,,,,,,,,,154 MiB,,,,,,,,,156 MiB,,,,,,,,,,,,,,,,153 MiB,,,,,,,146 MiB,,,
2024-10-15 14:37:30,,,,,,153 MiB,,,,,,,,,,154 MiB,,,,,,,,,156 MiB,,,,,,,,,,,,,,,,152 MiB,,,,,,,146 MiB,,,
2024-10-15 14:37:45,,,,,,153 MiB,,,,,,,,,,154 MiB,,,,,,,,,156 MiB,,,,,,,,,,,,,,,,152 MiB,,,,,,,145 MiB,,,
2024-10-15 14:38:00,,,,,,153 MiB,,,,,,,,,,154 MiB,,,,,,,,,156 MiB,,,,,,,,,,,,,,,,152 MiB,,,,,,,145 MiB,,,
2024-10-15 14:38:15,,,,,,153 MiB,,,,,,,,,,153 MiB,,,,,,,,,155 MiB,,,,,,,,,,,,,,,,151 MiB,,,,,,,144 MiB,,,
2024-10-15 14:38:30,,,,,,153 MiB,,,,,,,,,,154 MiB,,,,,,,,,155 MiB,,,,,,,,,,,,,,,,152 MiB,,,,,,,145 MiB,,,
2024-10-15 14:38:45,,,,,,150 MiB,,,,,,,,,,150 MiB,,,,,,,,,151 MiB,,,,,,,,,,,,,,,,147 MiB,,,,,,,137 MiB,,,
2024-10-15 14:39:00,,,,,,149 MiB,,,,,,,,,,150 MiB,,,,,,,,,151 MiB,,,,,,,,,,,,,,,,147 MiB,,,,,,,135 MiB,,,
2024-10-15 14:39:15,,,,,,149 MiB,,,,,,,,,,150 MiB,,,,,,,,,151 MiB,,,,,,,,,,,,,,,,147 MiB,,,,,,,135 MiB,,,
2024-10-15 14:39:30,,,,,,149 MiB,,,,,,,,,,150 MiB,,,,,,,,,151 MiB,,,,,,,,,,,,,,,,147 MiB,,,,,,,135 MiB,,,
2024-10-15 14:39:45,,,,,,149 MiB,,,,,,,,,,150 MiB,,,,,,,,,152 MiB,,,,,,,,,,,,,,,,147 MiB,,,,,,,135 MiB,,,
2024-10-15 14:40:00,,,,,,149 MiB,,,,,,,,,,150 MiB,,,,,,,,,152 MiB,,,,,,,,,,,,,,,,148 MiB,,,,,,,135 MiB,,,
2024-10-15 14:40:15,,,,,,150 MiB,,,,,,,,,,150 MiB,,,,,,,,,152 MiB,,,,,,,,,,,,,,,,148 MiB,,,,,,,135 MiB,,,
2024-10-15 14:40:30,,,,,,150 MiB,,,,,,,,,,150 MiB,,,,,,,,,152 MiB,,,,,,,,,,,,,,,,148 MiB,,,,,,,135 MiB,,,
2024-10-15 14:40:45,,,,,,150 MiB,,,,,,,,,,150 MiB,,,,,,,,,152 MiB,,,,,,,,,,,,,,,,148 MiB,,,,,,,135 MiB,,,
2024-10-15 14:41:00,,,,,,150 MiB,,,,,,,,,,150 MiB,,,,,,,,,152 MiB,,,,,,,,,,,,,,,,148 MiB,,,,,,,136 MiB,,,
2024-10-15 14:41:15,,,,,,150 MiB,,,,,,,,,,151 MiB,,,,,,,,,152 MiB,,,,,,,,,,,,,,,,149 MiB,,,,,,,136 MiB,,,
2024-10-15 14:41:30,,,,,,150 MiB,,,,,,,,,,151 MiB,,,,,,,,,152 MiB,,,,,,,,,,,,,,,,149 MiB,,,,,,,136 MiB,,,
2024-10-15 14:41:45,,,,,,151 MiB,,,,,,,,,,151 MiB,,,,,,,,,153 MiB,,,,,,,,,,,,,,,,151 MiB,,,,,,,136 MiB,,,
2024-10-15 14:42:00,,,,,,151 MiB,,,,,,,,,,151 MiB,,,,,,,,,152 MiB,,,,,,,,,,,,,,,,151 MiB,,,,,,,136 MiB,,,
2024-10-15 14:42:15,,,,,,151 MiB,,,,,,,,,,151 MiB,,,,,,,,,153 MiB,,,,,,,,,,,,,,,,151 MiB,,,,,,,136 MiB,,,
2024-10-15 14:42:30,,,,,,151 MiB,,,,,,,,,,151 MiB,,,,,,,,,153 MiB,,,,,,,,,,,,,,,,151 MiB,,,,,,,138 MiB,,,
2024-10-15 14:42:45,,,,,,151 MiB,,,,,,,,,,151 MiB,,,,,,,,,153 MiB,,,,,,,,,,,,,,,,151 MiB,,,,,,,138 MiB,,,
2024-10-15 14:43:00,,,,,,151 MiB,,,,,,,,,,151 MiB,,,,,,,,,153 MiB,,,,,,,,,,,,,,,,151 MiB,,,,,,,138 MiB,,,
2024-10-15 14:43:15,,,,,,151 MiB,,,,,,,,,,151 MiB,28.4 MiB,,,,,,,,153 MiB,,,,,,,,,,,,,,,,151 MiB,,,,,,,138 MiB,,,
2024-10-15 14:43:30,,,,,,151 MiB,,,,,,,,,,151 MiB,126 MiB,,,,,,,,153 MiB,,,,,,,,,,,,,,,,151 MiB,,,,,,,133 MiB,,,
2024-10-15 14:43:45,,,,,,151 MiB,,,,,,,,,,151 MiB,127 MiB,,,,,,,,153 MiB,,,,,,,,,,,,,,,,151 MiB,,,,,,,134 MiB,,,
2024-10-15 14:44:00,,,,,,151 MiB,,,,,,,,,,151 MiB,129 MiB,,,,,,,,153 MiB,,,,,,,,,86.2 MiB,,,,,,,151 MiB,,,,,,,131 MiB,,,
2024-10-15 14:44:15,,,,,,151 MiB,,,,,,,,,,151 MiB,131 MiB,,,,,,,,153 MiB,,,,,,,,,118 MiB,,,,,,,151 MiB,,,,,,,131 MiB,,,
2024-10-15 14:44:30,280 KiB,,,,,151 MiB,,,,,,,,,,151 MiB,132 MiB,,,,,,,,153 MiB,,,,,,,,,121 MiB,,,,,,,151 MiB,,,,,,,130 MiB,,,
2024-10-15 14:44:45,85.6 MiB,,,,,151 MiB,,,,,,,,,,151 MiB,129 MiB,,,,,,,,153 MiB,,,,,,,,,122 MiB,,,,,,,151 MiB,,,,,,,126 MiB,,,
2024-10-15 14:45:00,112 MiB,,,,,151 MiB,,,,,,,,,,151 MiB,130 MiB,,,,,,,,153 MiB,,,,,,,,,121 MiB,,,,,,,151 MiB,,,,,,,127 MiB,,,
2024-10-15 14:45:15,111 MiB,,,,,151 MiB,,,,,,,,,,151 MiB,130 MiB,,,,,,,,153 MiB,,,,,,,,,121 MiB,6.21 MiB,,,,,,151 MiB,,,,,,,126 MiB,,,
2024-10-15 14:45:30,116 MiB,,,,,151 MiB,,,,,,,,,,151 MiB,129 MiB,,,,,,,,153 MiB,,,,,,,,,119 MiB,110 MiB,,,,,,151 MiB,,,,,,,120 MiB,,,
2024-10-15 14:45:45,120 MiB,,,,,151 MiB,,,,,,,,,,151 MiB,129 MiB,,,,,,,,153 MiB,,,,,,,,,120 MiB,112 MiB,,,,,,151 MiB,,,,,,,120 MiB,,,
2024-10-15 14:46:00,121 MiB,,,,,151 MiB,,,,,,,,,,151 MiB,130 MiB,,,,,,,,153 MiB,,,,,,,,,120 MiB,112 MiB,,,,,,151 MiB,,,,,,,120 MiB,,,
2024-10-15 14:46:15,115 MiB,,,,,151 MiB,,,,,,,,,,151 MiB,130 MiB,,,,,,,,153 MiB,,,,,,,,,127 MiB,116 MiB,,,,,,151 MiB,,,,,,,120 MiB,,,
2024-10-15 14:46:30,119 MiB,,,,,151 MiB,,,,,,,,,,151 MiB,130 MiB,,,,,,,,153 MiB,,,,,,,,,121 MiB,119 MiB,,,,,,151 MiB,,,,,,,120 MiB,,,
2024-10-15 14:46:45,119 MiB,,,,,151 MiB,,,,,,,,,,151 MiB,134 MiB,,,,,,,,153 MiB,,,,,,,,,121 MiB,118 MiB,,,,,,151 MiB,,,,,,,121 MiB,,,
2024-10-15 14:47:00,120 MiB,,,,,151 MiB,,,,,,,,,,151 MiB,134 MiB,,,,,,,,153 MiB,,,,,,,,,121 MiB,119 MiB,,,,,,151 MiB,,,,,,,120 MiB,,,
2024-10-15 14:47:15,120 MiB,,,,,150 MiB,,,,,,,,,,151 MiB,134 MiB,,,,,,,,152 MiB,,,,,,,,,122 MiB,119 MiB,,,,,,276 KiB,,,,,,,121 MiB,,,
2024-10-15 14:47:30,120 MiB,,,,,,,,,,,,,,,,135 MiB,,,,,,,,,,,,,,,,,122 MiB,119 MiB,,,,,,,,,,,,,121 MiB,,,
2024-10-15 14:47:45,121 MiB,,,,,,,,,,,,,,,,135 MiB,,,,,,,,,,,,,,,,,122 MiB,119 MiB,,,,,,,,,,,,,121 MiB,,,
2024-10-15 14:48:00,121 MiB,,,,,,,,,,,,,,,,135 MiB,,,,,,,,,,,,,,,,,123 MiB,120 MiB,,,,,,,,,,,,,121 MiB,,,
2024-10-15 14:48:15,121 MiB,,,,,,,,,,,,,,,,135 MiB,,,,,,,,,,,,,,,,,122 MiB,120 MiB,,,,,,,,,,,,,121 MiB,,,
2024-10-15 14:48:30,127 MiB,,,,,,,,,,,,,,,,135 MiB,,,,,,,,,,,,,,,,,125 MiB,120 MiB,,,,,,,,,,,,,122 MiB,,,
2024-10-15 14:48:45,127 MiB,,,,,,,,,,,,,,,,135 MiB,,,,,,,,,,,,,,,,,125 MiB,120 MiB,,,,,,,,,,,,,122 MiB,,,
2024-10-15 14:49:00,127 MiB,,,,,,,,,,,,,,,,135 MiB,,,,,,,,,,,,,,,,,125 MiB,120 MiB,,,,,,,,,,,,,122 MiB,,,
2024-10-15 14:49:15,127 MiB,,,,,,,,,,,,,,,,135 MiB,,,,,,,,,,,,,,,,,125 MiB,120 MiB,,,,,,,,,,,,,123 MiB,,,
2024-10-15 14:49:30,127 MiB,,,,,,,,,,,,,,,,135 MiB,,,,,,,,,,,,,,,,,125 MiB,120 MiB,,,,,,,,,,,368 KiB,,123 MiB,,,
2024-10-15 14:49:45,127 MiB,,,,,,,,,,,,,,,,135 MiB,,,,,,,,,,,,,,,,,125 MiB,120 MiB,,,,,,,,,,,70.5 MiB,,123 MiB,,,
2024-10-15 14:50:00,127 MiB,,,,,,,,,,,,,,,,135 MiB,,,,,,,,,,,,,,,,,125 MiB,120 MiB,,,,,,,,,,,70.5 MiB,,123 MiB,,,
2024-10-15 14:50:15,127 MiB,,,,,,,,,,,,,,,,135 MiB,,,,,,,,,,,,,,,,,125 MiB,120 MiB,,,,,,,,,,,70.5 MiB,,123 MiB,,,
2024-10-15 14:50:30,127 MiB,,,,,,,,,,,,,,,,135 MiB,,,,,,,,,,,,,,,,,125 MiB,120 MiB,,,,,,,,,,,70.5 MiB,,125 MiB,,,
2024-10-15 14:50:45,127 MiB,,,,,,,,,,,,,80.1 MiB,,,135 MiB,,,,,,,,,,,,,,,,,125 MiB,120 MiB,,,,,,,,,,,70.5 MiB,,125 MiB,,,
2024-10-15 14:51:00,127 MiB,,,,,,,,,,,,,120 MiB,,,135 MiB,,,,,,,,,,,,,,,,,125 MiB,120 MiB,,,,,,,,,,,70.5 MiB,,125 MiB,,,
2024-10-15 14:51:15,127 MiB,,,,,,,,,,,,,120 MiB,,,135 MiB,,,,,,,,,,,,,,,,,125 MiB,120 MiB,,,,,,,,,,,70.5 MiB,,125 MiB,,,
2024-10-15 14:51:30,127 MiB,,,,77.7 MiB,,,,,,,,,120 MiB,,,135 MiB,,,,,,,,,,,,,,,,,125 MiB,120 MiB,,,,,,,,,,,70.5 MiB,,136 MiB,,,
2024-10-15 14:51:45,127 MiB,,,,77.7 MiB,,,,,,,,,120 MiB,,,135 MiB,,,,,,,,,,,,,,,,,125 MiB,120 MiB,,,,,,,,,,,70.5 MiB,,125 MiB,,,
2024-10-15 14:52:00,127 MiB,,,,77.7 MiB,,,,,,,,,120 MiB,,,135 MiB,,,,,,,,,,,,,,,,,125 MiB,120 MiB,,,,,,,,,,,70.5 MiB,,125 MiB,,,
2024-10-15 14:52:15,127 MiB,,,,77.7 MiB,,,,,,,,,120 MiB,,,135 MiB,,,,,,,,,,,,,,,,,125 MiB,120 MiB,,,,,,,,,,,70.5 MiB,,125 MiB,,,
2024-10-15 14:52:30,127 MiB,,,,77.7 MiB,,,,,,,,,120 MiB,,,135 MiB,,,,,,,,,,,,,,,,,125 MiB,120 MiB,,,,,,,,,,,70.5 MiB,,126 MiB,,,
2024-10-15 14:52:45,127 MiB,,,,77.7 MiB,,,,,,,,,120 MiB,,,135 MiB,,,,,,,,,,,,,,,,,125 MiB,120 MiB,,,,,,,,,,,70.5 MiB,,125 MiB,,,
2024-10-15 14:53:00,127 MiB,,,,77.7 MiB,,,,,,,,,120 MiB,,,135 MiB,,,,,,,,,,,,,,,,,125 MiB,120 MiB,,,,,,,,,,,70.5 MiB,,126 MiB,,,
2024-10-15 14:53:15,127 MiB,,,,77.7 MiB,,,,,,,,,120 MiB,,,135 MiB,,,,,,,,,,,,,,,,,125 MiB,120 MiB,,,,,,,,,,,70.5 MiB,,126 MiB,,,
2024-10-15 14:53:30,,,,,77.7 MiB,,,,,,,,,120 MiB,,,,,,,,,,,,,,,,,,,,,,,,,,,,,,,,70.5 MiB,,126 MiB,,,
2024-10-15 14:53:45,,,,,77.7 MiB,,,,,,,,,120 MiB,,,,,,,,,,,,,,,,,,,,,,,,,,,,,,,,70.5 MiB,,126 MiB,,,
2024-10-15 14:54:00,,,,,77.7 MiB,,,,,,,,,120 MiB,,,,,,,,,,,,,,,,,,,,,,,,,,,,,,,,70.5 MiB,,126 MiB,,,
2024-10-15 14:54:15,,,,,77.7 MiB,,,,,,,,,120 MiB,,,,,,,,,,,,,,,,,,,,,,,,,,,,,,,,70.5 MiB,,126 MiB,,,
2024-10-15 14:54:30,,,,,77.7 MiB,,,,,,,,,120 MiB,,,,,,,,,,,,,,,,,,,,,,,,,,,,,,,,70.5 MiB,,126 MiB,,,
2024-10-15 14:54:45,,,,,77.7 MiB,,,,,,,,,120 MiB,,,,,,,,,,,,,,,,,,,,,,,,,,,,,,,,,,126 MiB,,,
2024-10-15 14:55:00,,,,,77.7 MiB,,,,,,,,,120 MiB,,,,,,,,,,,,,,,,,,,,,,,,,,,,,,,,,,126 MiB,,,
2024-10-15 14:55:15,,,,,77.7 MiB,,,,,,,,,120 MiB,,,,,,,,,,,,,,,,,,,,,,,,,,,,,,,,,,128 MiB,,,
2024-10-15 14:55:30,,,,,77.7 MiB,,,,,,,,,120 MiB,,,,,,,,,,,,,,,,,,,,,,,,,,,,,,,,,,127 MiB,,,
2024-10-15 14:55:45,,,,,77.7 MiB,,,,,,,,,120 MiB,,,,,,,,,,,,,,,,,,,,,,,,,,,,,,,,,,128 MiB,,,
2024-10-15 14:56:00,,,,,77.7 MiB,,,,,,,,,,,,,,,,,,,,,,,,,,,,,,,,,,,,,,,,,,,127 MiB,,,
2024-10-15 14:56:15,,,,,77.7 MiB,,,,,,,,,,,,,,,,,,,,,,,,,,,,,,,,,,,,,,,,,,,128 MiB,,,
2024-10-15 14:56:30,,,,,,,,,,,,,,,,,,,,,,,,,,,,,,,,,,,,,,,,,,,,,,,,128 MiB,,,
2024-10-15 14:56:45,,,,,,,,,,,,,,,,,,,,,,,,,,,,,,,,,,,,,,,,,,,,,,,,128 MiB,,,
2024-10-15 14:57:00,,,,,,,,,,,,,,,,,,,,,,,,,,,,,,,,,,,,,,,,,,,,,,,,128 MiB,,,
2024-10-15 14:57:15,,,,,,,,,,,,,,,,,,,,,,,,,,,,,,,,,,,,,,,,,,,,,,,,128 MiB,,,
2024-10-15 14:57:30,,,,,,,,,,,,,,,,,,,,,,,,,,,,,,,,,,,,,,,,,,,,,,,,127 MiB,,,
2024-10-15 14:57:45,,,,,,,,,,,,,,,,,,,,,,,,,,,,,,,,,,,,,,,,,,,,,,,,128 MiB,,,
2024-10-15 14:58:00,,,,,,,,,,,,,,,,,,,,,,,,,,,,,,,,,,,,,,,,,,,,,,,,127 MiB,,,
2024-10-15 14:58:15,,,,,,,,,,,,,,,,,,,,,,,,,,,,,,,,,,,,,,,,,,,,,,,,127 MiB,,,
2024-10-15 14:58:30,,,,,,,,,,,,,,,,,,,,,,,,,,,,,,,,,,,,,,,,,,,,,,,,127 MiB,,,
2024-10-15 14:58:45,,,,,,,,,,,,,,,,,,,,,,,,,,,,,,,,,,,,,,,,,,,,,,,,127 MiB,,,
2024-10-15 14:59:00,,,,,,,,,,,,,,,,,,,,,,,,,,,,,,,,,,,,,,,,,,,,,,,,127 MiB,,,
2024-10-15 14:59:15,,,,,,,,,,,,,,,,,,,,,,,,,,,,,,,,,,,,,,,,,,,,,,,,127 MiB,,,
2024-10-15 14:59:30,,,,,,,,,,,,,,,,,,,,,,,,,,,,,,,,,,,,,,,,,,,,,,,,127 MiB,,,
2024-10-15 14:59:45,,,,,,,,,,,,,,,,,,,,,,,,,,,,,,,,,,,,,,,,,,,,,,,,128 MiB,,,
2024-10-15 15:00:00,,,,,,,,,,,,,,,,,,,,,,,,,,,,,,,,,,,,,,,,,,,,,,,,127 MiB,,,
2024-10-15 15:00:15,,,,,,,,,,,,,,,,,,,,,,,,,,,,,,,,,,,,,,,,,,,,,,,,127 MiB,,,
2024-10-15 15:00:30,,,,,,,,,,,,,,,,,,,,,,,,,,,,,,,,,,,,,,,,,,,,,,,,128 MiB,,,
2024-10-15 15:00:45,,,,,,,,,,,,,,,,,,,,,,,,,,,,,,,,,,,,,,,,,,,,,,,,128 MiB,,,
2024-10-15 15:01:00,,,,,,,,,,,,,,,,,,,,,,,,,,,,,,,,,,,,,,,,,,,,,,,,128 MiB,,,
2024-10-15 15:01:15,,,,,,,,,,,,,,,,,,,,,,,,,,,,,,,,,,,,,,,,,,,,,,,,128 MiB,,,
2024-10-15 15:01:30,,,,,,,,,,,,,,,,,,,,,,,,,,,,,,,,,,,,,,,,,,,,,,,,128 MiB,,,
2024-10-15 15:01:45,,,,,,,,,,,,,,,,,,,,,,,,,,,,,,,,,,,,,,,,,,,,,,,,129 MiB,,,
2024-10-15 15:02:00,,,,,,,,,,,,,,,,,,,,,,,,,,,,,,,,,,,,,,,,,,,,,,,,129 MiB,,,
2024-10-15 15:02:15,,,,,,,,,,,,,,,,,,,,,,,,,,,,,,,,,,,,,,,,,,,,,,,,129 MiB,,,
2024-10-15 15:02:30,,,,,,,,,,,,,,,,,,,,,,,,,,,,,,,,,,,,,,,,,,,,,,,,129 MiB,,,
2024-10-15 15:02:45,,,,,,,,,,,,,,,,,,,,,,,,,,,,,,,,,,,,,,,,,,,,,,,,130 MiB,,,
2024-10-15 15:03:00,,,,,,,,,,,,,,,,,,,,,,,,,,,,,,,,,,,,,,,,,,,,,,,,130 MiB,,,
2024-10-15 15:03:15,,,,,,,,,,,,,,,,,,,,,,,,,,,,,,,,,,,,,,,,,,,,,,,,130 MiB,,,
2024-10-15 15:03:30,,,,,,,,,,,,,,,,,,,,,,,,,,,,,,,,,,,,,,,,,,,,,,,,130 MiB,,,
2024-10-15 15:03:45,,,,,,,,,,,,,,,,,,,,,,,,,,,,,,,,,,,,,,,,,,,,,,,,130 MiB,,,
2024-10-15 15:04:00,,,,,,,,,,,,,,,,,,,,,,,,,,,,,,,,,,,,,,,,,,,,,,,,130 MiB,,,
2024-10-15 15:04:15,,,,,,,,,,,,,,,,,,,,,,,,,,,,,,,,,,,,,,,,,,,,,,,,130 MiB,,,
2024-10-15 15:04:30,,,,,,,,,,,,,,,,,,,,,,,,,,,,,,,,,,,,,,,,,,,,,,,,130 MiB,,,
2024-10-15 15:04:45,,,,,,,,,,,,,,,,,,,,,,,,,,,,,,,,,,,,,,,,,,,,,,,,129 MiB,,,
2024-10-15 15:05:00,,,,,,,,,,,,,,,,,,,,,,,,,,,,,,,,,,,,,,,,,,,,,,,,129 MiB,,,
2024-10-15 15:05:15,,,,,,,,,,,,,,,,,,,,,,,,,,,,,,,,,,,,,,,,,,,,,,,,129 MiB,,,
2024-10-15 15:05:30,,,,,,,,,,,,,,,,,,,,,,,,,,,,,,,,,,,,,,,,,,,,,,,,129 MiB,,,
2024-10-15 15:05:45,,,,,,,,,,,,,,,,,,,,,,,,,,,,,,,,,,,,,,,,,,,,,,,,129 MiB,,,
2024-10-15 15:06:00,,,,,,,,,,,,,,,,,,,,,,,,,,,,,,,,,,,,,,,,,,,,,,,,129 MiB,,,
2024-10-15 15:06:15,,,,,,,,,,,,,,,,,,,,,,,,,,,,,,,,,,,,,,,,,,,,,,,,129 MiB,,,
2024-10-15 15:06:30,,,,,,,,,,,,,,,,,,,,,,,,,,,,,,,,,,,,,,,,,,,,,,,,129 MiB,,,
2024-10-15 15:06:45,,,,,,,,,,,,,,,,,,,,,,,,,,,,,,,,,,,,,,,,,,,,,,,,129 MiB,,,
2024-10-15 15:07:00,,,,,,,,,,,,,,,,,,,,,,,,,,,,,,,,,,,,,,,,,,,,,,,,129 MiB,,,
2024-10-15 15:07:15,,,,,,,,,,,,,,,,,,,,,,,,,,,,,,,,,,,,,,,,,,,,,,,,129 MiB,,,
2024-10-15 15:07:30,,,,,,,,,,,,,,,,,,,,,,,,,,,,,,,,,,,,,,,,,,,,,,,,129 MiB,,,
2024-10-15 15:07:45,,,,,,,,,,,,,,,,,,,,,,,,,,,,,,,,,,,,,,,,,,,,,,,,129 MiB,,,
2024-10-15 15:08:00,,,,,,,,,,,,,,,,,,,,,,,,,,,,,,,,,,,,,,,,,,,,,,,,133 MiB,,,
2024-10-15 15:08:15,,,,,,,,,,,,,,,,,,,,,,,,,,,,,,,,,,,,,,,,,,,,,,,,133 MiB,,,
2024-10-15 15:08:30,,,,,,,,,,,,,,,,,,,,,,,,,,,,,,,,,,,,,,,,,,,,,,,,134 MiB,,,
2024-10-15 15:08:45,,,,,,,,,,,,,,,,,,,,,,,,,,,,,,,,,,,,,,,,,,,,,,,,133 MiB,,,
2024-10-15 15:09:00,,,,,,,,,,,,,,,,,,,,,,,,,,,,,,,,,,,,,,,,,,,,,,,,133 MiB,,,
2024-10-15 15:09:15,,,,,,,,,,,,,,,,,,,,,,,,,,,,,,,,,,,,,,,,,,,,,,,,133 MiB,,,
2024-10-15 15:09:30,,,,,,,,,,,,,,,,,,,,,,,,,,,,,,,,,,,,,,,,,,,,,,,,133 MiB,,,
2024-10-15 15:09:45,,,,,,,,,,,,,,,,,,,,,,,,,,,,,,,,,,,,,,,,,,,,,,,,133 MiB,,,
2024-10-15 15:10:00,,,,,,,,,,,,,,,,,,,,,,,,,,,,,,,,,,,,,,,,,,,,,,,,133 MiB,,,
2024-10-15 15:10:15,,,,,,,,,,,,,,,,,,,,,,,,,,,,,,,,,,,,,,,,,,,,,,,,133 MiB,,,
2024-10-15 15:10:30,,,,,,,,,,,,,,,,,,,,,,,,,,,,,,,,,,,,,,,,,,,,,,,,133 MiB,,,
2024-10-15 15:10:45,,,,,,,,,,,,,,,,,,,,,,,,,,,,,,,,,,,,,,,,,,,,,,,,133 MiB,,,
2024-10-15 15:11:00,,,,,,,,,,,,,,,,,,,,,,,,,,,,,,,,,,,,,,,,,,,,,,,,135 MiB,,,
2024-10-15 15:11:15,,,,,,,,,,,,,,,,,,,,101 MiB,,,,,,,,,,,,,,,,,,,,,,,,,,,,135 MiB,,,
2024-10-15 15:11:30,,,,,,,,,,,,,,,,,,,,115 MiB,,,,,,,,,,,,,,,,,,,,,,,,,,,,136 MiB,,,
2024-10-15 15:11:45,,,,,,,,,,,,,,,,,,,,137 MiB,,,,,,,,,,,,,,,,,,,,,,,,,,,,136 MiB,,,
2024-10-15 15:12:00,,,,,,,,,,,,,,,,,,,,141 MiB,,,,,,,,83.3 MiB,,,,,,,,,,,,,,,,,,,,135 MiB,,,
2024-10-15 15:12:15,,,,,,,,,,,,,,,,,,,,147 MiB,,,,,,,,117 MiB,,,,,,,,,,,,,,,,,,,,136 MiB,,,
2024-10-15 15:12:30,,,,,,,,,,,,,,,,,,,,151 MiB,,,,,,,,117 MiB,,,,,,,,,,,,66.3 MiB,,,,,,,,137 MiB,,,
2024-10-15 15:12:45,,,,,,,,,,,,,,,,,,,,151 MiB,,,,,,,,121 MiB,,,,,,,,,,,,83.9 MiB,,,,,,,,129 MiB,,,
2024-10-15 15:13:00,,,,,,,,,,,,,,,,,,,,155 MiB,,,,,,,,127 MiB,,,,,,,,,,,,85.7 MiB,,,,,,,,129 MiB,,,
2024-10-15 15:13:15,,,,,,,,,,,,,,,,,,,,155 MiB,,,,,,,,129 MiB,,,,,,,,,66.8 MiB,,,116 MiB,,,,,,,,127 MiB,,,
2024-10-15 15:13:30,,,,,,,,,,,,,,,,,,,,155 MiB,,,,,,,,129 MiB,,,,,,,,,66.8 MiB,,,116 MiB,,,,,,,,127 MiB,,,
2024-10-15 15:13:45,,,,,,,,,,,,,,,,,,,,159 MiB,,,,,,,,133 MiB,,,,,,,,,82.4 MiB,,,120 MiB,,,,,,,,118 MiB,,,
2024-10-15 15:14:00,,,,,,,,,,,,,,,,,,,,164 MiB,,,,,,,,138 MiB,,,,,,,,,111 MiB,,,129 MiB,,,,,,,,120 MiB,,,
2024-10-15 15:14:15,,,,,,,,,,,,,,,,,,,,165 MiB,,,,,,,,143 MiB,,,,,,,,,114 MiB,,,130 MiB,,,,,,,,121 MiB,,,
2024-10-15 15:14:30,,,,,,,,,,,,,,,,,,,,167 MiB,,,,,,,,144 MiB,,,,,,,,,116 MiB,,,133 MiB,,,,,,,,121 MiB,,,
2024-10-15 15:14:45,,,,,,,,,,,,,,,,,,,,167 MiB,,,,,,,,145 MiB,,,,,,,,,117 MiB,,,133 MiB,,,,,,,,122 MiB,,,
2024-10-15 15:15:00,,,,,,,,,,,,,,,,,,,,169 MiB,,,,,,,,145 MiB,,,,,,,,,118 MiB,,,134 MiB,,,,,,,,122 MiB,,,
2024-10-15 15:15:15,,,,,,,,,,,,,,,,,,,,168 MiB,,,,,,,,146 MiB,,,,,,,,,118 MiB,,,134 MiB,,,,,,,,122 MiB,,,
2024-10-15 15:15:30,,,,,,,,,,,,,,,,,,,,169 MiB,,,,,,,,147 MiB,,,,,,,,,119 MiB,,,135 MiB,,,,,,,,123 MiB,,,
2024-10-15 15:15:45,,,,,,,,,,,,,,,,,,,,169 MiB,,,,,,,,147 MiB,,,,,,,,,120 MiB,,,135 MiB,,,,,,,,123 MiB,,,
2024-10-15 15:16:00,,,,,,,,,,,,,,,,,,,,170 MiB,,,,,,,,148 MiB,,,,,,,,,120 MiB,,,135 MiB,,,,,,,,123 MiB,,,
2024-10-15 15:16:15,,,,,,,,,,,,,,,,,,,,170 MiB,,,,,,,,148 MiB,,,,,,,,,121 MiB,,,138 MiB,,,,,,,,124 MiB,,,
2024-10-15 15:16:30,,,,,,,,,,,,,,,,,,,,170 MiB,,,,,,,,149 MiB,,,,,,,,,121 MiB,,,138 MiB,,,,,,,,124 MiB,,,
2024-10-15 15:16:45,,,,,,,,,,,,,,,,,,,,170 MiB,,,,,,,,149 MiB,,,,,,,,,122 MiB,,,138 MiB,,,,,,,,123 MiB,,,
2024-10-15 15:17:00,,,,,,,,,,,,,,,,,,,,168 MiB,,,,,,,,157 MiB,,,,,,,,,151 MiB,,,157 MiB,,,,,,,,128 MiB,,,
2024-10-15 15:17:15,,,,,,,,,,,,,,,,,,,,168 MiB,,,,,,,,157 MiB,,,,,,,,,151 MiB,,,157 MiB,,,,,,,,128 MiB,,,
2024-10-15 15:17:30,,,,,,,,,,,,,,,,,,,,168 MiB,,,,,,,,157 MiB,,,,,,,,,151 MiB,,,157 MiB,,,,,,,,128 MiB,,,
2024-10-15 15:17:45,,,,,,,,,,,,,,,,,,,,168 MiB,,,,,,,,157 MiB,,,,,,,,,151 MiB,,,157 MiB,,,,,,,,128 MiB,,,
2024-10-15 15:18:00,,,,,,,,,,,,,,,,,,,,167 MiB,,,,,,,,157 MiB,,,,,,,,,151 MiB,,,157 MiB,,,,,,,,127 MiB,,,
2024-10-15 15:18:15,,,,,,,,,,,,,,,,,,,,167 MiB,,,,,,,,157 MiB,,,,,,,,,151 MiB,,,157 MiB,,,,,,,,127 MiB,,,
2024-10-15 15:18:30,,,,,,,,,,,,,,,,,,,,166 MiB,,,,,,,,157 MiB,,,,,,,,,152 MiB,,,157 MiB,,,,,,,,128 MiB,,,
2024-10-15 15:18:45,,,,,,,,,,,,,,,,,,,,166 MiB,,,,,,,,157 MiB,,,,,,,,,152 MiB,,,158 MiB,,,,,,,,127 MiB,,,
2024-10-15 15:19:00,,,,,,,,,,,,,,,,,,,,166 MiB,,,,,,,,157 MiB,,,,,,,,,152 MiB,,,158 MiB,,,,,,,,127 MiB,,,
2024-10-15 15:19:15,,,,,,,,,,,,,,,,,,,,166 MiB,,,,,,,,157 MiB,,,,,,,,,152 MiB,,,158 MiB,,,,,,,,127 MiB,,,
2024-10-15 15:19:30,,,,,,,,,,,,,,,,,,,,166 MiB,,,,,,,,157 MiB,,,,,,,,,153 MiB,,,158 MiB,,,,,,,,127 MiB,,,
2024-10-15 15:19:45,,,,,,,,,,,,,,,,,,,,166 MiB,,,,,,,,158 MiB,,,,,,,,,153 MiB,,,159 MiB,,,,,,,,128 MiB,,,
2024-10-15 15:20:00,,,,,,,,,,,,,,,,,,,,167 MiB,,,,,,,,158 MiB,,,,,,,,,153 MiB,,,159 MiB,,,,,,,,128 MiB,,,
2024-10-15 15:20:15,,,,,,,,,,,,,,,,,,,,168 MiB,,,,,,,,158 MiB,,,,,,,,,155 MiB,,,159 MiB,,,,,,,,129 MiB,,,
2024-10-15 15:20:30,,,,,,,,,,,,,,,,,,,,167 MiB,,,,,,,,157 MiB,,,,,,,,,155 MiB,,,159 MiB,,,,,,,,127 MiB,,,
2024-10-15 15:20:45,,,,,,,,,,,,,,,,,,,,167 MiB,,,,,,,,157 MiB,,,,,,,,,155 MiB,,,159 MiB,,,,,,,,127 MiB,,,
2024-10-15 15:21:00,,,,,,,,,,,,,,,,,,,,165 MiB,,,,,,,,156 MiB,,,,,,,,,154 MiB,,,158 MiB,,,,,,,,125 MiB,,,
2024-10-15 15:21:15,,,,,,,,,,,,,,,,,,,,161 MiB,,,,,,,,153 MiB,,,,,,,,,151 MiB,,,154 MiB,,,,,,,,121 MiB,,,
2024-10-15 15:21:30,,,,,,,,,,,,,,,,,,,,160 MiB,,,,,,,,152 MiB,,,,,,,,,151 MiB,,,154 MiB,,,,,,,,120 MiB,,,
2024-10-15 15:21:45,,,,,,,,,,,,,,,,,,,,156 MiB,,,,,,,,149 MiB,,,,,,,,,148 MiB,,,151 MiB,,,,,,,,118 MiB,,,
2024-10-15 15:22:00,,,,,,,,,,,,,,,,,,,,156 MiB,,,,,,,,149 MiB,,,,,,,,,148 MiB,,,151 MiB,,,,,,,,117 MiB,,,
2024-10-15 15:22:15,,,,,,,,,,,,,,,,,,,,156 MiB,,,,,,,,148 MiB,,,,,,,,,148 MiB,,,151 MiB,,,,,,,,117 MiB,,,
2024-10-15 15:22:30,,,,,,,,,,,,,,,,,,,,156 MiB,,,,,,,,147 MiB,,,,,,,,,148 MiB,,,151 MiB,,,,,,,,116 MiB,,,
2024-10-15 15:22:45,,,,,,,,,,,,,,,,,,,,156 MiB,,,,,,,,147 MiB,,,,,,,,,147 MiB,,,150 MiB,,,,,,,,115 MiB,,,
2024-10-15 15:23:00,,,,,,,,,,,,,,,,,,,,156 MiB,,,,,,,,148 MiB,,,,,,,,,147 MiB,,,150 MiB,,,,,,,,114 MiB,,,
2024-10-15 15:23:15,,,,,,,,,,,,,,,,,,,,156 MiB,,,,,,,,148 MiB,,,,,,,,,147 MiB,,,150 MiB,,,,,,,,118 MiB,,,
2024-10-15 15:23:30,,,,,,,,,,,,,,,,,,,,155 MiB,,,,,,,,148 MiB,,,,,,,,,147 MiB,,,150 MiB,,,,,,,,117 MiB,,,
2024-10-15 15:23:45,,,,,,,,,,,,,,,,,,,,155 MiB,,,,,,,,148 MiB,,,,,,,,,147 MiB,,,150 MiB,,,,,,,,117 MiB,,,
2024-10-15 15:24:00,,,,,,,,,,,,,,,,,,,,156 MiB,,,,,,,,147 MiB,,,,,,,,,147 MiB,,,150 MiB,,,,,,,,117 MiB,,,
2024-10-15 15:24:15,,,,,,,,,,,,,,,,,,,,156 MiB,,,,,,,,148 MiB,,,,,,,,,148 MiB,,,150 MiB,,,,,,,,117 MiB,,,
2024-10-15 15:24:30,,,,,,,,,,,,,,,,,,,,156 MiB,,,,,,,,148 MiB,,,,,,,,,148 MiB,,,150 MiB,,,,,,,,117 MiB,,,
2024-10-15 15:24:45,,,,,,,,,,,,,,,,,,,,156 MiB,,,,,,,,148 MiB,,,,,,,,,148 MiB,,,150 MiB,,,,,,,,117 MiB,,,
2024-10-15 15:25:00,,,,,,,,,,,,,,,,,,,,156 MiB,,,,,,,,148 MiB,,,,,,,,,148 MiB,,,153 MiB,,,,,,,,117 MiB,,,
2024-10-15 15:25:15,,,,,,,,,,,,,,,,,,,,156 MiB,,,,,,,,149 MiB,,,,,,,,,148 MiB,,,151 MiB,,,,,,,,118 MiB,,,
2024-10-15 15:25:30,,,,,,,,,,,,,,,,,,,,156 MiB,,,,,,,,149 MiB,,,,,,,,,149 MiB,,,151 MiB,,,,,,,,118 MiB,,,
2024-10-15 15:25:45,,,,,,,,,,,,,,,,,,,,157 MiB,,,,,,,,149 MiB,,,,,,,,,149 MiB,,,151 MiB,,,,,,,,118 MiB,,,
2024-10-15 15:26:00,,,,,,,,,,,,,,,,,,,,157 MiB,,,,,,,,149 MiB,,,,,,,,,149 MiB,,,151 MiB,,,,,,,,118 MiB,,,
2024-10-15 15:26:15,,,,,,,,,,,,,,,,,,,,157 MiB,,,,,,,,149 MiB,,,,,,,,,149 MiB,,,152 MiB,,,,,,,,118 MiB,,,
2024-10-15 15:26:30,,,,,,,,,,,,,,,,,,,,157 MiB,,,,,,,,149 MiB,,,,,,,,,149 MiB,,,152 MiB,,,,,,,,120 MiB,,,
2024-10-15 15:26:45,,,,,,,85.6 MiB,,,,,,,,,,,,,157 MiB,,,,,,,,149 MiB,,,,,,,,,149 MiB,,,152 MiB,,,,,,,,120 MiB,,,
2024-10-15 15:27:00,,,,,,,128 MiB,,,,,,,,,,,,,157 MiB,,,,,,,,149 MiB,,,,,,,,,149 MiB,,,152 MiB,,,,,,,,121 MiB,,,
2024-10-15 15:27:15,,,,,,,135 MiB,,,,,,,,,,,,,157 MiB,,,,,,,,149 MiB,1.17 MiB,,,,,,,,149 MiB,,,152 MiB,,,,,,,,122 MiB,,,
2024-10-15 15:27:30,,,,,,,130 MiB,,,,,,,,,,,,,157 MiB,,,,,,,,149 MiB,90.4 MiB,,,,,,,,149 MiB,,,152 MiB,,,,,,,,119 MiB,,,
2024-10-15 15:27:45,,,,,,,131 MiB,,,,,,,,,,,,,157 MiB,,,,,,,,149 MiB,120 MiB,,,,,,,,149 MiB,,,152 MiB,,,,,,,,119 MiB,,,
2024-10-15 15:28:00,,,,,,,132 MiB,,,,,,,,,,,,,157 MiB,19.7 MiB,,,,,,,149 MiB,123 MiB,,,,,,,,149 MiB,,,152 MiB,,,,,,,,119 MiB,,,
2024-10-15 15:28:15,,,,,,,131 MiB,,,,,,,,,,,,,157 MiB,90.3 MiB,,,,,,,149 MiB,123 MiB,,,,,,,,149 MiB,,,152 MiB,,,,,,,,116 MiB,,,
2024-10-15 15:28:30,,,,,,,131 MiB,,,,,,,,,,,,,157 MiB,115 MiB,,,,,,,149 MiB,122 MiB,,,,,,,,149 MiB,,,152 MiB,,,,,,,,117 MiB,,,
2024-10-15 15:28:45,,,,,,,128 MiB,,,,,,,,,,,,,157 MiB,113 MiB,,,,,,,149 MiB,124 MiB,78.1 MiB,,,,,,,149 MiB,,,152 MiB,,,,,,,,116 MiB,,,
2024-10-15 15:29:00,,,,,,,128 MiB,,,,,,,,,,,,,157 MiB,117 MiB,,,,,,,149 MiB,125 MiB,110 MiB,,,,,,,149 MiB,,,152 MiB,,,,,,,,116 MiB,,,
2024-10-15 15:29:15,,,,,,,123 MiB,,,,,,,,,,,,,157 MiB,116 MiB,,,,,,,149 MiB,125 MiB,115 MiB,,,,,,,149 MiB,,,152 MiB,,,,,,,,116 MiB,,,
2024-10-15 15:29:30,,,,,,,124 MiB,,,,,,,,,,,,,157 MiB,121 MiB,,,,,,,149 MiB,125 MiB,117 MiB,,,,,,,149 MiB,,,152 MiB,,,,,,,,116 MiB,,,
2024-10-15 15:29:45,,,,,,,123 MiB,,,,,,,,,,,,,157 MiB,116 MiB,,,,,,,149 MiB,124 MiB,120 MiB,,,,,,,149 MiB,,,152 MiB,,,,,,,,116 MiB,,,
2024-10-15 15:30:00,,,,,,,123 MiB,,,,,,,,,,,,,157 MiB,116 MiB,,,,,,,149 MiB,124 MiB,122 MiB,,,,,,,149 MiB,,,152 MiB,,,,,,,,116 MiB,,,
2024-10-15 15:30:15,,,,,,,122 MiB,,,,,,,,,,,,,157 MiB,117 MiB,,,,,,,149 MiB,133 MiB,118 MiB,,,,,,,149 MiB,,,152 MiB,,,,,,,,116 MiB,,,
2024-10-15 15:30:30,,,,,,,123 MiB,,,,,,,,,,,,,157 MiB,117 MiB,,,,,,,149 MiB,124 MiB,118 MiB,,,,,,,149 MiB,,,152 MiB,,,,,,,,115 MiB,,,
2024-10-15 15:30:45,,,,,,,131 MiB,,,,,,,,,,,,,157 MiB,118 MiB,,,,,,,149 MiB,124 MiB,119 MiB,,,,,,,149 MiB,,,152 MiB,,,,,,,,115 MiB,,,
2024-10-15 15:31:00,,,,,,,131 MiB,,,,,,,,,,,,,157 MiB,118 MiB,,,,,,,149 MiB,125 MiB,127 MiB,,,,,,,149 MiB,,,152 MiB,,,,,,,,116 MiB,,,
2024-10-15 15:31:15,,,,,,,130 MiB,,,,,,,,,,,,,157 MiB,118 MiB,,,,,,,149 MiB,125 MiB,118 MiB,,,,,,,149 MiB,,,152 MiB,,,,,,,,114 MiB,,,
2024-10-15 15:31:30,,,,,,,130 MiB,,,,,,,,,,,,,,119 MiB,,,,,,,,125 MiB,119 MiB,,,,,,,,,,,,,,,,,,114 MiB,,,
2024-10-15 15:31:45,,,,,,,130 MiB,,,,,,,,,,,,,,119 MiB,,,,,,,,126 MiB,119 MiB,,,,,,,,,,,,,,,,,,114 MiB,,,
2024-10-15 15:32:00,,,,,,,130 MiB,,,,,,,,,,,,,,119 MiB,,,,,,,,126 MiB,119 MiB,,,,,,,,,,,,,,,,,,114 MiB,,,
2024-10-15 15:32:15,,,,,,,133 MiB,,,,,,,,,,,,,,120 MiB,,,,,,,,133 MiB,119 MiB,,,,,,,,,,,,,,,,,,114 MiB,,,
2024-10-15 15:32:30,,,,,,,131 MiB,,,,,,,,,,,,,,137 MiB,,,,,,,,133 MiB,121 MiB,,,,,,,,,,,,,,,,,,114 MiB,,,
2024-10-15 15:32:45,,,,,,,131 MiB,,,,,,,,,,,,,,125 MiB,,,,,,,,134 MiB,121 MiB,,,,,,,,,,,,,,,,,,117 MiB,,,
2024-10-15 15:33:00,,,,,,,131 MiB,,,,,,,,,,,,,,125 MiB,,,,,,,,134 MiB,121 MiB,,,,,,,,,,,,,,,,,,117 MiB,,,
2024-10-15 15:33:15,,,,,,,131 MiB,,,,,,,,,,,,,,125 MiB,,,,,,,,134 MiB,121 MiB,,,,,,,,,,,,,,,,,,117 MiB,,,
2024-10-15 15:33:30,,,,,,,131 MiB,,,,,,,,,,,,,,125 MiB,,,,,,,,134 MiB,121 MiB,,,,,,,,,,,,,,,,,,117 MiB,,,
2024-10-15 15:33:45,,,,,,,131 MiB,,,,,,,,,,,,,,125 MiB,,,,,,,,134 MiB,121 MiB,,,39.4 MiB,,,,,,,,,,,,,,,120 MiB,,,
2024-10-15 15:34:00,,,,,,,131 MiB,,,,,,,,,,,,,,125 MiB,,,,,,,,134 MiB,121 MiB,,,39.4 MiB,,,,,,,,,,,,,,,117 MiB,,,
2024-10-15 15:34:15,,,,,,,131 MiB,,,,,,,,,,,,,,125 MiB,,,,,,,,134 MiB,121 MiB,,,39.4 MiB,,,,,,,,,,,,,,,117 MiB,,,
2024-10-15 15:34:30,,,,,,,131 MiB,,,,,,,,,,,,,,125 MiB,,,,,,,,134 MiB,121 MiB,,,39.4 MiB,,,,,,,,,,,,,,,117 MiB,,,
2024-10-15 15:34:45,,,,,,,131 MiB,4.91 MiB,,,,,,,,,,,,,125 MiB,,,,,,,,134 MiB,121 MiB,,,39.4 MiB,,,,,,,,,,,,,,,117 MiB,,,
2024-10-15 15:35:00,,,,,,,131 MiB,37.1 MiB,,,,,,,,,,,,,125 MiB,,,,,,,,134 MiB,121 MiB,,,39.4 MiB,,,,,,,,,,,,,,,119 MiB,,,
2024-10-15 15:35:15,,,,,,,131 MiB,37.1 MiB,,,,,,,,,,,,,125 MiB,,,,,,,,134 MiB,121 MiB,,,39.4 MiB,,,,,,,,,,,,,,,119 MiB,,,
2024-10-15 15:35:30,,,,,,,131 MiB,37.1 MiB,,,,,,,,,,,,,125 MiB,,,,,,,,134 MiB,121 MiB,,,39.4 MiB,,,,,,,,,,,,,,,119 MiB,,,
2024-10-15 15:35:45,,,,,,,131 MiB,37.1 MiB,,,,,,,,,,,,,125 MiB,,,,,,,,134 MiB,121 MiB,,,39.4 MiB,,,,,,62.5 MiB,,,,,,,,,120 MiB,,,
2024-10-15 15:36:00,,,,,,,131 MiB,37.1 MiB,,,,,,,,,,,,,125 MiB,,,,,,,,134 MiB,121 MiB,,,39.4 MiB,,,,,,120 MiB,,,,,,,,,120 MiB,,,
2024-10-15 15:36:15,,,,,,,131 MiB,37.1 MiB,,,,,,,,,,,,,125 MiB,,,,,,,,134 MiB,121 MiB,,,39.4 MiB,,,,,,144 MiB,,,,,,,,,120 MiB,,,
2024-10-15 15:36:30,,111 MiB,,,,,131 MiB,37.1 MiB,,,,,,,,,,,,,125 MiB,,,,,,,,134 MiB,121 MiB,,,39.4 MiB,,,,,,144 MiB,,,,,,,,,119 MiB,,,
2024-10-15 15:36:45,,119 MiB,,,,,131 MiB,37.1 MiB,,,,,,,,,,,,,125 MiB,,,,,,,,134 MiB,121 MiB,,,39.4 MiB,,,,,,144 MiB,,,,,,,,,120 MiB,,,
2024-10-15 15:37:00,,137 MiB,,,,,131 MiB,37.1 MiB,,,,,,,,,,,,,125 MiB,,,,,,,,134 MiB,121 MiB,,,39.4 MiB,,,,,,145 MiB,,,,,,,,,120 MiB,,,
2024-10-15 15:37:15,,141 MiB,,,,,131 MiB,37.1 MiB,,,,,,,,,,,115 MiB,,125 MiB,,,,,,,,134 MiB,121 MiB,,,39.4 MiB,,,,,,145 MiB,,,,,,,,,116 MiB,,,
2024-10-15 15:37:30,,142 MiB,,,,,131 MiB,37.1 MiB,,,,,,,,,,,120 MiB,,125 MiB,,,,,,,,133 MiB,121 MiB,,,39.4 MiB,,,,,,146 MiB,,,,,,,,,116 MiB,,,
2024-10-15 15:37:45,,142 MiB,,,,,,37.1 MiB,,,,,,,,,,,139 MiB,,,,,,,,,,,,,,39.4 MiB,,,,,,146 MiB,,,,,,,,,116 MiB,,,
2024-10-15 15:38:00,,142 MiB,,,,,,37.1 MiB,,,,,,,,,,,144 MiB,,,,,,,,,,,,,,39.4 MiB,,,113 MiB,,,143 MiB,,,,,,,,,114 MiB,,,
2024-10-15 15:38:15,,142 MiB,,,,,,37.1 MiB,,,,,,,,,,,145 MiB,,,,,,,,,,,,,,39.4 MiB,,,120 MiB,,,143 MiB,,,,,,,,,115 MiB,,,
2024-10-15 15:38:30,,143 MiB,,,,,,37.1 MiB,,,,,,,,,,,144 MiB,,,,,,,,,,,,,,39.4 MiB,,,138 MiB,,,143 MiB,,,,,,,,,116 MiB,,,
2024-10-15 15:38:45,,144 MiB,,,,,,37.1 MiB,,,,,,,,,,,146 MiB,,,,,,,,,,,,,,,,,143 MiB,,,144 MiB,,,,,,,,,117 MiB,,,
2024-10-15 15:39:00,,144 MiB,,,,,,37.1 MiB,,,,,,,,,,,147 MiB,,,,,,,,,,,,,,,,,144 MiB,,,145 MiB,,,,,,,,,117 MiB,,,
2024-10-15 15:39:15,,145 MiB,,,,,,37.1 MiB,,,,,,,,,,,147 MiB,,,,,,,,,,,,,,,,,144 MiB,,,145 MiB,,,,,,,,,117 MiB,,,
2024-10-15 15:39:30,,145 MiB,,,,,,37.1 MiB,,,,,,,,,,,148 MiB,,,,,,,,,,,,,,,,,145 MiB,,,146 MiB,,,,,,,,,117 MiB,,,
2024-10-15 15:39:45,,145 MiB,,,,,,35.9 MiB,,,,,,,,,,,148 MiB,,,,,,,,,,,,,,,,,145 MiB,,,146 MiB,,,,,,,,,118 MiB,,,
2024-10-15 15:40:00,,145 MiB,,,,,,,,,,,,,,,,,148 MiB,,,,,,,,,,,,,,,,,145 MiB,,,146 MiB,,,,,,,,,117 MiB,,,
2024-10-15 15:40:15,,145 MiB,,,,,,,,,,,,,,,,,148 MiB,,,,,,,,,,,,,,,,,145 MiB,,,146 MiB,,,,,,,,,117 MiB,,,
2024-10-15 15:40:30,,145 MiB,,,,,,,,,,,,,,,,,151 MiB,,,,,,,,,,,,,,,,,146 MiB,,,146 MiB,,,,,,,,,118 MiB,,,
2024-10-15 15:40:45,,145 MiB,,,,,,,,,,,,,,,,,151 MiB,,,,,,,,,,,,,,,,,146 MiB,,,146 MiB,,,,,,,,,118 MiB,,,
2024-10-15 15:41:00,,145 MiB,,,,,,,,,,,,,,,,,151 MiB,,,,,,,,,,,,,,,,,146 MiB,,,146 MiB,,,,,,,,,118 MiB,,,
2024-10-15 15:41:15,,145 MiB,,,,,,,,,,,,,,,,,152 MiB,,,,,,,,,,,,,,,,,145 MiB,,,145 MiB,,,,,,,,,118 MiB,,,
2024-10-15 15:41:30,,145 MiB,,,,,,,,,,,,,,,,,151 MiB,,,,,,,,,,,,,,,,,145 MiB,,,145 MiB,,,,,,,,,118 MiB,,,
2024-10-15 15:41:45,,144 MiB,,,,,,,,,,,,,,,,,151 MiB,,,,,,,,,,,,,,,,,145 MiB,,,145 MiB,,,,,,,,,118 MiB,,,
2024-10-15 15:42:00,,144 MiB,,,,,,,,,,,,,,,,,151 MiB,,,,,,,,,,,,,,,,,145 MiB,,,145 MiB,,,,,,,,,118 MiB,,,
2024-10-15 15:42:15,,144 MiB,,,,,,,,,,,,,,,,,151 MiB,,,,,,,,,,,,,,,,,145 MiB,,,145 MiB,,,,,,,,,118 MiB,,,
2024-10-15 15:42:30,,144 MiB,,,,,,,,,,,,,,,,,151 MiB,,,,,,,,,,,,,,,,,145 MiB,,,145 MiB,,,,,,,,,118 MiB,,,
2024-10-15 15:42:45,,144 MiB,,,,,,,,,,,,,,,,,151 MiB,,,,,,,,,,,,,,,,,144 MiB,,,145 MiB,,,,,,,,,118 MiB,,,
2024-10-15 15:43:00,,144 MiB,,,,,,,,,,,,,,,,,151 MiB,,,,,,,,,,,,,,,,,145 MiB,,,146 MiB,,,,,,,,,118 MiB,,,
2024-10-15 15:43:15,,144 MiB,,,,,,,,,,,,,,,,,152 MiB,,,,,,,,,,,,,,,,,145 MiB,,,146 MiB,,,,,,,,,119 MiB,,,
2024-10-15 15:43:30,,144 MiB,,,,,,,,,,,,,,,,,151 MiB,,,,,,,,,,,,,,,,,145 MiB,,,147 MiB,,,,,,,,,119 MiB,,,
2024-10-15 15:43:45,,144 MiB,,,,,,,,,,,,,,,,,152 MiB,,,,,,,,,,,,,,,,,145 MiB,,,147 MiB,,,,,,,,,119 MiB,,,
2024-10-15 15:44:00,,144 MiB,,,,,,,,,,,,,,,,,152 MiB,,,,,,,,,,,,,,,,,145 MiB,,,147 MiB,,,,,,,,,119 MiB,,,
2024-10-15 15:44:15,,143 MiB,,,,,,,,,,,,,,,,,152 MiB,,,,,,,,,,,,,,,,,145 MiB,,,147 MiB,,,,,,,,,118 MiB,,,
2024-10-15 15:44:30,,144 MiB,,,,,,,,,,,,,,,,,152 MiB,,,,,,,,,,,,,,,,,145 MiB,,,147 MiB,,,,,,,,,118 MiB,,,
2024-10-15 15:44:45,,144 MiB,,,,,,,,,,,,,,,,,152 MiB,,,,,,,,,,,,,,,,,145 MiB,,,147 MiB,,,,,,,,,118 MiB,,,
2024-10-15 15:45:00,,144 MiB,,,,,,,,,,,,,,,,,152 MiB,,,,,,,,,,,,,,,,,145 MiB,,,147 MiB,,,,,,,,,121 MiB,,,
2024-10-15 15:45:15,,144 MiB,,,,,,,,,,,,,,,,,152 MiB,,,,,,,,,,,,,,,,,145 MiB,,,147 MiB,,,,,,,,,121 MiB,,,
2024-10-15 15:45:30,,144 MiB,,,,,,,,,,,,,,,,,152 MiB,,,,,,,,,,,,,,,,,145 MiB,,,147 MiB,,,,,,,,,121 MiB,,,
2024-10-15 15:45:45,,144 MiB,,,,,,,,,,,,,,,,,152 MiB,,,,,,,,,,,,,,,,,145 MiB,,,147 MiB,,,,,,,,,121 MiB,,,
2024-10-15 15:46:00,,144 MiB,,,,,,,,,,,,,,,,,152 MiB,,,,88.8 MiB,,,,,,,,,,,,,145 MiB,,,147 MiB,,,,,,,,,120 MiB,,,
2024-10-15 15:46:15,,144 MiB,,,,,,,,,,,,,,,,,152 MiB,,,,126 MiB,,,,,,,,,,,,,145 MiB,,,147 MiB,,,,,,,,,120 MiB,,,
2024-10-15 15:46:30,,144 MiB,,,,,,,,,,,2.99 MiB,,,,,,152 MiB,,,,128 MiB,,,,,,,,,,,,,145 MiB,,,147 MiB,,,,,,,,,121 MiB,,,
2024-10-15 15:46:45,,144 MiB,,,,,,,,,,,102 MiB,,,,,,152 MiB,,,,125 MiB,,,,,,,,,,,,,145 MiB,,,147 MiB,,,,,,,,,112 MiB,,,
2024-10-15 15:47:00,,144 MiB,,,,,,,,,,,121 MiB,,,,,,152 MiB,,,,126 MiB,,,,,,,,,,,,,145 MiB,,,147 MiB,,,,,,,,,117 MiB,,,
2024-10-15 15:47:15,,144 MiB,,,,,,,,,,,121 MiB,,,,,,152 MiB,,,,125 MiB,,,,,,,,,,,,,145 MiB,,,147 MiB,,,65.0 MiB,,,,,,116 MiB,,,
2024-10-15 15:47:30,,144 MiB,,,,,,,,,,,125 MiB,,,,,,152 MiB,,,,127 MiB,,,,,,,,,,,,,145 MiB,,,147 MiB,,,104 MiB,,,,,,117 MiB,,,
2024-10-15 15:47:45,,144 MiB,,,,,,,,,,,123 MiB,,,,,,152 MiB,,,,127 MiB,,,,,,,,,,,,,145 MiB,,,147 MiB,,,114 MiB,,,,,,117 MiB,,,
2024-10-15 15:48:00,,144 MiB,,,,,,,,,,,122 MiB,,,,,,152 MiB,,,,124 MiB,,,,106 MiB,,,,,,,,,145 MiB,,,147 MiB,,,118 MiB,,,,,,117 MiB,,,
2024-10-15 15:48:15,,144 MiB,,,,,,,,,,,123 MiB,,,,,,152 MiB,,,,124 MiB,,,,111 MiB,,,,,,,,,145 MiB,,,147 MiB,,,119 MiB,,,,,,115 MiB,,,
2024-10-15 15:48:30,,144 MiB,,,,,,,,,,,123 MiB,,,,,,152 MiB,,,,125 MiB,,,,113 MiB,,,,,,,,,145 MiB,,,147 MiB,,,120 MiB,,,,,,116 MiB,,,
2024-10-15 15:48:45,,144 MiB,,,,,,,,,,,123 MiB,,,,,,152 MiB,,,,125 MiB,,,,114 MiB,,,,,,,,,145 MiB,,,147 MiB,,,122 MiB,,,,,,116 MiB,,,
2024-10-15 15:49:00,,144 MiB,,,,,,,,,,,124 MiB,,,,,,152 MiB,,,,126 MiB,,,,116 MiB,,,,,,,,,145 MiB,,,147 MiB,,,123 MiB,,,,,,116 MiB,,,
2024-10-15 15:49:15,,144 MiB,,,,,,,,,,,124 MiB,,,,,,152 MiB,,,,126 MiB,,,,115 MiB,,,,,,,,,145 MiB,,,147 MiB,,,123 MiB,,,,,,116 MiB,,,
2024-10-15 15:49:30,,144 MiB,,,,,,,,,,,124 MiB,,,,,,152 MiB,,,,142 MiB,,,,119 MiB,,,,,,,,,145 MiB,,,147 MiB,,,123 MiB,,,,,,116 MiB,,,
2024-10-15 15:49:45,,143 MiB,,,,,,,,,,,124 MiB,,,,,,151 MiB,,,,129 MiB,,,,119 MiB,,,,,,,,,145 MiB,,,146 MiB,,,124 MiB,,,,,,117 MiB,,,
2024-10-15 15:50:00,,,,,,,,,,,,,125 MiB,,,,,,,,,,129 MiB,,,,125 MiB,,,,,,,,,,,,,,,123 MiB,,,,,,117 MiB,,,
2024-10-15 15:50:15,,,,,,,,,,,,,125 MiB,,,,,,,,,,129 MiB,,,,125 MiB,,,,,,,,,,,,,,,123 MiB,,,,,,117 MiB,,,
2024-10-15 15:50:30,,,,,,,,,,,,,125 MiB,,,,,,,,,,132 MiB,,,,120 MiB,,,,,,,,,,,,,,,124 MiB,,,,,,117 MiB,,,
2024-10-15 15:50:45,,,,,,,,,,,,,126 MiB,,,,,,,,,,132 MiB,,,,120 MiB,,,,,,,,,,,,,,,124 MiB,,,,,,117 MiB,,,
2024-10-15 15:51:00,,,,,,,,,,,,,126 MiB,,,,,,,,,,133 MiB,,,,120 MiB,,,,,,,,,,,,,,,124 MiB,,,,,,118 MiB,,,
2024-10-15 15:51:15,,,,,,,,,,,,,126 MiB,,,,,,,,,,133 MiB,,,,120 MiB,,,,,,,,,,,,,,,124 MiB,,,,,,118 MiB,,,
2024-10-15 15:51:30,,,,,,,,,,,,,126 MiB,,,,,,,,,,133 MiB,,,,120 MiB,,,,,,,,,,,,,,,124 MiB,,,,,,118 MiB,,,
2024-10-15 15:51:45,,,,,,,,,,,,,126 MiB,,,,,,,,,,133 MiB,,,,120 MiB,,,,,,,,,,,,,,,124 MiB,,,,,,118 MiB,,,
2024-10-15 15:52:00,,,,,,,,,,,,,126 MiB,,,,,,,,,,133 MiB,,,,120 MiB,,,,,,,,,,,,,,,124 MiB,,,,,,118 MiB,,,
2024-10-15 15:52:15,,,,,,,,,,,,,126 MiB,,,,,,,,,,133 MiB,,,,120 MiB,,,,,,,,,,,,,,,124 MiB,,,,,,118 MiB,,,
2024-10-15 15:52:30,,,,,,,,,,,,,126 MiB,,,,,,,,,,133 MiB,,,,120 MiB,,,,,,,,,,,,,,,124 MiB,,,,,,118 MiB,,,
2024-10-15 15:52:45,,,,,,,,,,,,,126 MiB,,,,,,,,,,133 MiB,,,,120 MiB,,,,,,,,,,,,,,,124 MiB,,,,,,118 MiB,,,
2024-10-15 15:53:00,,,,,,,,,,,,,126 MiB,,,,,,,,,,133 MiB,,,,120 MiB,,,,,,,,,,,,,,,124 MiB,,,,,,118 MiB,,,
2024-10-15 15:53:15,,,,,,,,,,,,,126 MiB,,,,,,,,,,133 MiB,,,,120 MiB,,,,,,,,,,,,,,,124 MiB,,,,,,118 MiB,,,
2024-10-15 15:53:30,,,,,,,,,,,,,126 MiB,,,,,,,,,,133 MiB,,,,120 MiB,,,,,,,,,,,,,,,124 MiB,,,,,,118 MiB,,,
2024-10-15 15:53:45,,,,,,,,,,,,,126 MiB,,,,,,,,,,133 MiB,,,,120 MiB,,,,,,,,,,,,,,,124 MiB,,,,,,118 MiB,,,
2024-10-15 15:54:00,,,,,,,,,,,,,126 MiB,,,,,,,,,,133 MiB,,,,120 MiB,,,,,,,,,,,,,,,124 MiB,,,,,,118 MiB,,,
2024-10-15 15:54:15,,,,,,,,,,,,,126 MiB,,,,,,,,,,133 MiB,,,,120 MiB,,,,,,,,,,,,,,,124 MiB,,,,,,118 MiB,,,
2024-10-15 15:54:30,,,,,,,,,,,,,126 MiB,,,,,,,,,,133 MiB,,,,120 MiB,,,,,,,,,,,,,,,124 MiB,,,,,,119 MiB,,,
2024-10-15 15:54:45,,,,,,,,,,,,,126 MiB,,,,,,,,,,133 MiB,,,,120 MiB,,,,,,,,,,,,,,,124 MiB,,,,,,119 MiB,,,
2024-10-15 15:55:00,,,,,,,,,,,,,126 MiB,,,,,,,,,,133 MiB,,,,120 MiB,,,,,,,,,,,,,,,124 MiB,,,,,,117 MiB,,,
2024-10-15 15:55:15,,,,,,,,,,,,,126 MiB,,,,,,,,,,133 MiB,,,,120 MiB,,,,,,,,,,,,,,,124 MiB,,,,,,117 MiB,,,
2024-10-15 15:55:30,,,,,,,,,,,,,126 MiB,,,,,,,,,,133 MiB,,,,120 MiB,,,,,,,,,,,,,,,124 MiB,,,,,,117 MiB,,,
2024-10-15 15:55:45,,,,,,,,,,,,,126 MiB,,,,,,,,,,133 MiB,,,,120 MiB,,,,,,,,,,,,,,,124 MiB,,,,,,117 MiB,,,
2024-10-15 15:56:00,,,,,,,,,,,,,,,,,,,,,,,,,,,,,,,,,,,,,,,,,,,,,,,,117 MiB,,,
2024-10-15 15:56:15,,,,,,,,,,,,,,,,,,,,,,,,,,,,,,,,,,,,,,,,,,,,,,,,117 MiB,,,
2024-10-15 15:56:30,,,,,,,,,,,,,,,,,,,,,,,,,,,,,,,,,,,,,,,,,,,,,,,,117 MiB,,,
2024-10-15 15:56:45,,,,,,,,,,,,,,,,,,,,,,,,,,,,,,,,,,,,,,,,,,,,,,,,117 MiB,,,
2024-10-15 15:57:00,,,,,,,,,,,,,,,,,,,,,,,,,,,,,,,,,,,,,,,,,,,,,,,,116 MiB,,,
2024-10-15 15:57:15,,,,,,,,,,,,,,,,,,,,,,,,,,,,,,,,,,,,,,,,,,,,,,,,116 MiB,,,
2024-10-15 15:57:30,,,,,,,,,,,,,,,,,,,,,,,,,,,,,,,,,,,,,,,,,,,,,,,,116 MiB,,,
2024-10-15 15:57:45,,,,,,,,,,,,,,,,,,,,,,,,,,,,,,,,,,,,,,,,,,,,,,,,116 MiB,,,
2024-10-15 15:58:00,,,,,,,,,,,,,,,,,,,,,,,,,,,,,,,,,,,,,,,,,,,,,,,,116 MiB,,,
2024-10-15 15:58:15,,,,,,,,,,,,,,,,,,,,,,,,,,,,,,,,,,,,,,,,,,,,,,,,116 MiB,,,
2024-10-15 15:58:30,,,,,,,,,,,,,,,,,,,,,,,,,,,,,,,,,,,,,,,,,,,,,,,,116 MiB,,,
2024-10-15 15:58:45,,,,,,,,,,,,,,,,,,,,,,,,,,,,,,,,,,,,,,,,,,,,,,,,117 MiB,,,
2024-10-15 15:59:00,,,,,,,,,,,,,,,,,,,,,,,,,,,,,,,,,,,,,,,,,,,,,,,,117 MiB,,,
2024-10-15 15:59:15,,,,,,,,,,,,,,,,,,,,,,,,,,,,,,,,,,,,,,,,,,,,,,,,117 MiB,,,
2024-10-15 15:59:30,,,,,,,,,,,,,,,,,,,,,,,,,,,,,,,,,,,,,,,,,,,,,,,,117 MiB,,,
2024-10-15 15:59:45,,,,,,,,,,,,,,,,,,,,,,,,,,,,,,,,,,,,,,,,,,,,,,,,117 MiB,,,
2024-10-15 16:00:00,,,,,,,,,,,,,,,,,,,,,,,,,,,,,,,,,,,,,,,,,,,,,,,,117 MiB,,,
2024-10-15 16:00:15,,,,,,,,,,,,,,,,,,,,,,,,,,,,,,,,,,,,,,,,,,,,,,,,117 MiB,,,
2024-10-15 16:00:30,,,,,,,,,,,,,,,,,,,,,,,,,,,,,,,,,,,,,,,,,,,,,,,,117 MiB,,,
2024-10-15 16:00:45,,,,,,,,,,,,,,,,,,,,,,,,,,,,,,,,,,,,,,,,,,,,,,,,117 MiB,,,
2024-10-15 16:01:00,,,,,,,,,,,,,,,,,,,,,,,,,,,,,,,,,,,,,,,,,,,,,,,,117 MiB,,,
2024-10-15 16:01:15,,,,,,,,,,,,,,,,,,,,,,,,,,,,,,,,,,,,,,,,,,,,,,,,117 MiB,,,
2024-10-15 16:01:30,,,,,,,,,,,,,,,,,,,,,,,,,,,,,,,,,,,,,,,,,,,,,,,,117 MiB,,,
2024-10-15 16:01:45,,,,,,,,,,,,,,,,,,,,,,,,,,,,,,,,,,,,,,,,,,,,,,,,117 MiB,,,
2024-10-15 16:02:00,,,,,,,,,,,,,,,,,,,,,,,,,,,,,,,,,,,,,,,,,,,,,,,,117 MiB,,,
2024-10-15 16:02:15,,,,,,,,,,,,,,,,,,,,,,,,,,,,,,,,,,,,,,,,,,,,,,,,117 MiB,,,
2024-10-15 16:02:30,,,,,,,,,,,,,,,,,,,,,,,,,,,,,,,,,,,,,,,,,,,,,,,,117 MiB,,,
2024-10-15 16:02:45,,,,,,,,,,,,,,,,,,,,,,,,,,,,,,,,,,,,,,,,,,,,,,,,117 MiB,,,
2024-10-15 16:03:00,,,,,,,,,,,,,,,,,,,,,,,,,,,,,,,,,,,,,,,,,,,,,,,,117 MiB,,,
2024-10-15 16:03:15,,,,,,,,,,,,,,,,,,,,,,,,,,,,,,,,,,,,,,,,,,,,,,,,117 MiB,,,
2024-10-15 16:03:30,,,,,,,,,,,,,,,,,,,,,,,,,,,,,,,,,,,,,,,,,,,,,,,,117 MiB,,,
2024-10-15 16:03:45,,,,,,,,,,,,,,,,,,,,,,,,,,,,,,,,,,,,,,,,,,,,,,,,117 MiB,,,
2024-10-15 16:04:00,,,,,,,,,,,,,,,,,,,,,,,,,,,,,,,,,,,,,,,,,,,,,,,,117 MiB,,,
2024-10-15 16:04:15,,,,,,,,,,,,,,,,,,,,,,,,,,,,,,,,,,,,,,,,,,,,,,,,117 MiB,,,
2024-10-15 16:04:30,,,,,,,,,,,,,,,,,,,,,,,,,,,,,,,,,,,,,,,,,,,,,,,,117 MiB,,,
2024-10-15 16:04:45,,,,,,,,,,,,,,,,,,,,,,,,,,,,,,,,,,,,,,,,,,,,,,,,117 MiB,,,
2024-10-15 16:05:00,,,,,,,,,,,,,,,,,,,,,,,,,,,,,,,,,,,,,,,,,,,,,,,,117 MiB,,,
2024-10-15 16:05:15,,,,,,,,,,,,,,,,,,,,,,,,,,,,,,,,,,,,,,,,,,,,,,,,117 MiB,,,
2024-10-15 16:05:30,,,,,,,,,,,,,,,,,,,,,,,,,,,,,,,,,,,,,,,,,,,,,,,,117 MiB,,,
2024-10-15 16:05:45,,,,,,,,,,,,,,,,,,,,,,,,,,,,,,,,,,,,,,,,,,,,,,,,117 MiB,,,
2024-10-15 16:06:00,,,,,,,,,,,,,,,,,,,,,,,,,,,,,,,,,,,,,,,,,,,,,,,,117 MiB,,,
2024-10-15 16:06:15,,,,,,,,,,,,,,,,,,,,,,,,,,,,,,,,,,,,,,,,,,,,,,,,117 MiB,,,
2024-10-15 16:06:30,,,,,,,,,,,,,,,,,,,,,,,,,,,,,,,,,,,,,,,,,,,,,,,,117 MiB,,,
2024-10-15 16:06:45,,,,,,,,,,,,,,,,,,,,,,,,,,,,,,,,,,,,,,,,,,,,,,,,117 MiB,,,
2024-10-15 16:07:00,,,,,,,,,,,,,,,,,,,,,,,,,,,,,,,,,,,,,,,,,,,,,,,,117 MiB,,,
2024-10-15 16:07:15,,,,,,,,,,,,,,,,,,,,,,,,,,,,,,,,,,,,,,,,,,,,,,,,117 MiB,,,
2024-10-15 16:07:30,,,,,,,,,,,,,,,,,,,,,,,,,,,,,,,,,,,,,,,,,,,,,,,,117 MiB,,,
2024-10-15 16:07:45,,,,,,,,,,,,,,,,,,,,,,,,,,,,,,,,,,,,,,,,,,,,,,,,117 MiB,,,
2024-10-15 16:08:00,,,,,,,,,,,,,,,,,,,,,,,,,,,,,,,,,,,,,,,,,,,,,,,,117 MiB,,,
2024-10-15 16:08:15,,,,,,,,,,,,,,,,,,,,,,,,,,,,,,,,,,,,,,,,,,,,,,,,117 MiB,,,
2024-10-15 16:08:30,,,,,,,,,,,,,,,,,,,,,,,,,,,,,,,,,,,,,,,,,,,,,,,,117 MiB,,,
2024-10-15 16:08:45,,,,,,,,,,,,,,,,,,,,,,,,,,,,,,,,,,,,,,,,,,,,,,,,118 MiB,,,
2024-10-15 16:09:00,,,,,,,,,,,,,,,,,,,,,,,,,,,,,,,,,,,,,,,,,,,,,,,,118 MiB,,,
2024-10-15 16:09:15,,,,,,,,,,,,,,,,,,,,,,,,,,,,,,,,,,,,,,,,,,,,,,,,118 MiB,,,
2024-10-15 16:09:30,,,,,,,,,,,,,,,,,,,,,,,,,,,,,,,,,,,,,,,,,,,,,,,,118 MiB,,,
2024-10-15 16:09:45,,,,,,,,,,,,,,,,,,,,,,,,,,,,,,,,,,,,,,,,,,,,,,,,118 MiB,,,

