0,.jpg,0,I0R1,259 MB,I1R1,269 MB,I2R1,243 MB,I3R1,248 MB,I4R1,248 MB,I5R1,206 MB,I6R1,217 MB,
0,.jpg,1,I0R1,98.8 MB,I1R1,102 MB,I2R1,105 MB,I3R1,101 MB,I4R1,108 MB,I5R1,107 MB,I6R1,218 MB,
0,.jpg,2,I0R1,131 MB,I0R2,0 B,I1R1,125 MB,I1R2,0 B,I2R1,131 MB,I2R2,0 B,I3R1,127 MB,I3R2,95.9 MB,I4R1,134 MB,I4R2,96.2 MB,I5R1,139 MB,I5R2,0 B,I6R1,219 MB,
0,.jpg,3,I0R1,133 MB,I0R2,125 MB,I0R3,0 B,I1R1,128 MB,I1R2,125 MB,I1R3,0 B,I2R1,132 MB,I2R2,123 MB,I2R3,0 B,I3R1,131 MB,I3R2,120 MB,I3R3,0 B,I4R1,138 MB,I4R2,124 MB,I4R3,0 B,I5R1,140 MB,I5R2,125 MB,I5R3,0 B,I6R1,220 MB,
0,.jpg,4,I0R1,143 MB,I0R2,128 MB,I0R3,93.1 MB,I1R1,132 MB,I1R2,127 MB,I1R3,125 MB,I2R1,136 MB,I2R2,129 MB,I2R3,98.6 MB,I3R1,137 MB,I3R2,129 MB,I3R3,104 MB,I4R1,142 MB,I4R2,128 MB,I4R3,125 MB,I5R1,154 MB,I5R2,129 MB,I5R3,102 MB,I6R1,216 MB,
0,.jpg,5,I0R1,145 MB,I0R2,132 MB,I0R3,126 MB,I1R1,135 MB,I1R2,131 MB,I1R3,131 MB,I2R1,135 MB,I2R2,132 MB,I2R3,129 MB,I3R1,138 MB,I3R2,132 MB,I3R3,127 MB,I4R1,144 MB,I4R2,131 MB,I4R3,127 MB,I5R1,144 MB,I5R2,130 MB,I5R3,132 MB,I6R1,215 MB,
0,.jpg,6,I0R1,146 MB,I0R2,132 MB,I0R3,129 MB,I1R1,135 MB,I1R2,132 MB,I1R3,131 MB,I2R1,135 MB,I2R2,133 MB,I2R3,131 MB,I3R1,140 MB,I3R2,133 MB,I3R3,131 MB,I4R1,145 MB,I4R2,132 MB,I4R3,127 MB,I5R1,146 MB,I5R2,132 MB,I5R3,132 MB,I6R1,215 MB,
0,.jpg,7,I0R1,146 MB,I0R2,132 MB,I0R3,129 MB,I1R1,135 MB,I1R2,132 MB,I1R3,131 MB,I2R1,135 MB,I2R2,133 MB,I2R3,131 MB,I3R1,139 MB,I3R2,133 MB,I3R3,131 MB,I4R1,145 MB,I4R2,132 MB,I4R3,127 MB,I5R1,146 MB,I5R2,132 MB,I5R3,132 MB,I6R1,215 MB,
0,.png,0,I0R1,97.6 MB,I1R1,94.1 MB,I2R1,95.7 MB,I3R1,97.1 MB,I4R1,97.9 MB,I5R1,97.2 MB,I6R1,218 MB,
0,.png,1,I0R1,97.6 MB,I0R2,93.0 MB,I1R1,94.1 MB,I1R2,121 MB,I2R1,95.7 MB,I2R2,117 MB,I3R1,97.1 MB,I3R2,127 MB,I4R1,97.9 MB,I4R2,107 MB,I5R1,97.2 MB,I5R2,118 MB,I6R1,220 MB,
0,.png,2,I0R1,97.6 MB,I0R2,120 MB,I0R3,0 B,I1R1,94.1 MB,I1R2,127 MB,I1R3,0 B,I2R1,95.7 MB,I2R2,128 MB,I2R3,0 B,I3R1,97.1 MB,I3R2,132 MB,I3R3,0 B,I4R1,97.9 MB,I4R2,120 MB,I4R3,0 B,I5R1,97.2 MB,I5R2,127 MB,I5R3,86.2 MB,I6R1,221 MB,
0,.png,3,I0R1,97.6 MB,I0R2,122 MB,I0R3,120 MB,I1R1,94.1 MB,I1R2,129 MB,I1R3,120 MB,I2R1,95.7 MB,I2R2,129 MB,I2R3,118 MB,I3R1,97.1 MB,I3R2,136 MB,I3R3,121 MB,I4R1,97.9 MB,I4R2,123 MB,I4R3,121 MB,I5R1,97.2 MB,I5R2,125 MB,I5R3,119 MB,I6R1,222 MB,
0,.png,4,I0R1,97.6 MB,I0R2,123 MB,I0R3,123 MB,I1R1,94.1 MB,I1R2,130 MB,I1R3,123 MB,I2R1,95.7 MB,I2R2,131 MB,I2R3,120 MB,I3R1,97.1 MB,I3R2,136 MB,I3R3,123 MB,I4R1,97.9 MB,I4R2,124 MB,I4R3,124 MB,I5R1,97.2 MB,I5R2,126 MB,I5R3,121 MB,I6R1,222 MB,
0,.png,5,I0R1,97.6 MB,I0R2,123 MB,I0R3,124 MB,I1R1,94.1 MB,I1R2,131 MB,I1R3,124 MB,I2R1,95.7 MB,I2R2,132 MB,I2R3,122 MB,I3R1,97.1 MB,I3R2,136 MB,I3R3,125 MB,I4R1,97.9 MB,I4R2,125 MB,I4R3,125 MB,I5R1,97.2 MB,I5R2,127 MB,I5R3,123 MB,I6R1,223 MB,
0,.png,6,I0R1,97.6 MB,I0R2,123 MB,I0R3,124 MB,I1R1,94.1 MB,I1R2,130 MB,I1R3,124 MB,I2R1,95.7 MB,I2R2,132 MB,I2R3,122 MB,I3R1,97.1 MB,I3R2,136 MB,I3R3,125 MB,I4R1,97.9 MB,I4R2,125 MB,I4R3,125 MB,I5R1,97.2 MB,I5R2,127 MB,I5R3,123 MB,I6R1,222 MB,
0,.png,7,I0R1,97.6 MB,I0R2,5.01 MB,I0R3,124 MB,I1R1,94.1 MB,I1R2,130 MB,I1R3,124 MB,I2R1,95.7 MB,I2R2,132 MB,I2R3,122 MB,I3R1,97.1 MB,I3R2,136 MB,I3R3,125 MB,I4R1,97.9 MB,I4R2,125 MB,I4R3,125 MB,I5R1,97.2 MB,I5R2,127 MB,I5R3,123 MB,I6R1,222 MB,
1,.jpg,0,I0R1,120 MB,I0R2,89.9 MB,I1R1,120 MB,I1R2,92.4 MB,I2R1,123 MB,I2R2,96.1 MB,I3R1,116 MB,I3R2,98.5 MB,I4R1,118 MB,I4R2,91.7 MB,I5R1,123 MB,I5R2,107 MB,I5R3,98.0 MB,
1,.jpg,1,I0R1,120 MB,I0R2,89.9 MB,I0R3,99.3 MB,I1R1,120 MB,I1R2,92.4 MB,I1R3,97.0 MB,I2R1,123 MB,I2R2,96.1 MB,I2R3,104 MB,I3R1,116 MB,I3R2,98.5 MB,I3R3,104 MB,I4R1,118 MB,I4R2,91.7 MB,I4R3,102 MB,I5R1,123 MB,I5R2,107 MB,I5R3,98.0 MB,
1,.jpg,2,I0R1,120 MB,I0R2,89.9 MB,I0R3,126 MB,I1R1,120 MB,I1R2,92.4 MB,I1R3,133 MB,I2R1,123 MB,I2R2,96.1 MB,I2R3,132 MB,I3R1,116 MB,I3R2,98.5 MB,I3R3,134 MB,I4R1,118 MB,I4R2,91.7 MB,I4R3,130 MB,I5R1,123 MB,I5R2,107 MB,I5R3,98.0 MB,
1,.jpg,3,I0R1,120 MB,I0R2,89.9 MB,I0R3,130 MB,I1R1,120 MB,I1R2,92.4 MB,I1R3,140 MB,I2R1,123 MB,I2R2,96.1 MB,I2R3,136 MB,I3R1,116 MB,I3R2,98.5 MB,I3R3,136 MB,I4R1,118 MB,I4R2,91.7 MB,I4R3,132 MB,I5R1,123 MB,I5R2,107 MB,I5R3,98.0 MB,
1,.jpg,4,I0R1,120 MB,I0R2,89.9 MB,I0R3,136 MB,I1R1,120 MB,I1R2,92.4 MB,I1R3,144 MB,I2R1,123 MB,I2R2,96.1 MB,I2R3,141 MB,I3R1,116 MB,I3R2,98.5 MB,I3R3,140 MB,I4R1,118 MB,I4R2,91.7 MB,I4R3,135 MB,I5R1,123 MB,I5R2,107 MB,I5R3,98.0 MB,
1,.jpg,5,I0R1,120 MB,I0R2,89.9 MB,I0R3,133 MB,I1R1,120 MB,I1R2,92.4 MB,I1R3,148 MB,I2R1,123 MB,I2R2,96.1 MB,I2R3,142 MB,I3R1,116 MB,I3R2,98.5 MB,I3R3,145 MB,I4R1,118 MB,I4R2,91.7 MB,I4R3,138 MB,I5R1,123 MB,I5R2,107 MB,I5R3,98.0 MB,
1,.jpg,6,I0R1,120 MB,I0R2,89.9 MB,I0R3,134 MB,I1R1,120 MB,I1R2,92.4 MB,I1R3,148 MB,I2R1,123 MB,I2R2,96.1 MB,I2R3,142 MB,I3R1,116 MB,I3R2,98.5 MB,I3R3,145 MB,I4R1,118 MB,I4R2,91.7 MB,I4R3,138 MB,I5R1,123 MB,I5R2,107 MB,I5R3,98.0 MB,
1,.jpg,7,I0R1,120 MB,I0R2,89.9 MB,I0R3,134 MB,I1R1,120 MB,I1R2,92.4 MB,I1R3,148 MB,I2R1,123 MB,I2R2,96.1 MB,I2R3,142 MB,I3R1,116 MB,I3R2,98.5 MB,I3R3,146 MB,I4R1,118 MB,I4R2,91.7 MB,I4R3,138 MB,I5R1,123 MB,I5R2,107 MB,I5R3,98.0 MB,
1,.png,0,I0R1,135 MB,I0R2,1.74 MB,I0R3,101 MB,I1R1,135 MB,I1R2,136 MB,I1R3,104 MB,I2R1,137 MB,I2R2,131 MB,I2R3,104 MB,I3R1,133 MB,I3R2,128 MB,I3R3,96.1 MB,I4R1,134 MB,I4R2,130 MB,I4R3,96.5 MB,I5R1,208 MB,I5R2,144 MB,I5R3,138 MB,
1,.png,1,I0R1,135 MB,I0R2,1.74 MB,I0R3,101 MB,I1R1,135 MB,I1R2,136 MB,I1R3,104 MB,I2R1,137 MB,I2R2,131 MB,I2R3,104 MB,I3R1,133 MB,I3R2,128 MB,I3R3,96.1 MB,I4R1,134 MB,I4R2,130 MB,I4R3,96.5 MB,I5R1,208 MB,I5R2,144 MB,I5R3,138 MB,
1,.png,2,I0R1,135 MB,I0R2,1.74 MB,I0R3,101 MB,I1R1,135 MB,I1R2,136 MB,I1R3,104 MB,I2R1,137 MB,I2R2,131 MB,I2R3,104 MB,I3R1,133 MB,I3R2,128 MB,I3R3,96.1 MB,I4R1,134 MB,I4R2,130 MB,I4R3,96.5 MB,I5R1,208 MB,I5R2,144 MB,I5R3,138 MB,
1,.png,3,I0R1,135 MB,I0R2,1.74 MB,I0R3,101 MB,I1R1,135 MB,I1R2,136 MB,I1R3,104 MB,I2R1,137 MB,I2R2,131 MB,I2R3,104 MB,I3R1,133 MB,I3R2,128 MB,I3R3,96.1 MB,I4R1,134 MB,I4R2,130 MB,I4R3,96.5 MB,I5R1,208 MB,I5R2,144 MB,I5R3,138 MB,
1,.png,4,I0R1,135 MB,I0R2,1.74 MB,I0R3,101 MB,I1R1,135 MB,I1R2,136 MB,I1R3,104 MB,I2R1,137 MB,I2R2,131 MB,I2R3,104 MB,I3R1,133 MB,I3R2,128 MB,I3R3,96.1 MB,I4R1,134 MB,I4R2,130 MB,I4R3,96.5 MB,I5R1,208 MB,I5R2,144 MB,I5R3,138 MB,
1,.png,5,I0R1,135 MB,I0R2,1.74 MB,I0R3,101 MB,I1R1,135 MB,I1R2,136 MB,I1R3,104 MB,I2R1,137 MB,I2R2,131 MB,I2R3,104 MB,I3R1,133 MB,I3R2,128 MB,I3R3,96.1 MB,I4R1,134 MB,I4R2,130 MB,I4R3,96.5 MB,I5R1,208 MB,I5R2,144 MB,I5R3,138 MB,
1,.png,6,I0R1,135 MB,I0R2,1.74 MB,I0R3,101 MB,I1R1,135 MB,I1R2,136 MB,I1R3,104 MB,I2R1,137 MB,I2R2,131 MB,I2R3,104 MB,I3R1,133 MB,I3R2,128 MB,I3R3,96.1 MB,I4R1,134 MB,I4R2,130 MB,I4R3,96.5 MB,I5R1,207 MB,I5R2,144 MB,I5R3,138 MB,
1,.png,7,I0R1,135 MB,I0R2,1.74 MB,I0R3,101 MB,I1R1,135 MB,I1R2,136 MB,I1R3,104 MB,I2R1,137 MB,I2R2,131 MB,I2R3,104 MB,I3R1,133 MB,I3R2,128 MB,I3R3,96.1 MB,I4R1,134 MB,I4R2,130 MB,I4R3,96.5 MB,I5R1,208 MB,I5R2,144 MB,I5R3,138 MB,
2,.jpg,0,I0R1,188 MB,I1R1,112 MB,I1R2,107 MB,I1R3,103 MB,I2R1,113 MB,I2R2,102 MB,I2R3,102 MB,I3R1,112 MB,I3R2,104 MB,I3R3,102 MB,I4R1,138 MB,I4R2,105 MB,I4R3,120 MB,I5R1,133 MB,I5R3,121 MB,
2,.jpg,1,I0R1,209 MB,I1R1,112 MB,I1R2,107 MB,I1R3,103 MB,I2R1,113 MB,I2R2,102 MB,I2R3,102 MB,I3R1,112 MB,I3R2,104 MB,I3R3,102 MB,I4R1,138 MB,I4R2,0 B,I4R3,120 MB,I5R1,212 MB,I5R3,121 MB,
2,.jpg,2,I0R1,216 MB,I1R1,112 MB,I1R2,107 MB,I1R3,103 MB,I2R1,113 MB,I2R2,102 MB,I2R3,102 MB,I3R1,112 MB,I3R2,104 MB,I3R3,102 MB,I4R1,138 MB,I4R2,169 MB,I4R3,120 MB,I5R1,212 MB,I5R3,121 MB,
2,.jpg,3,I0R1,169 MB,I1R1,112 MB,I1R2,107 MB,I1R3,103 MB,I2R1,113 MB,I2R2,102 MB,I2R3,102 MB,I3R1,112 MB,I3R2,104 MB,I3R3,102 MB,I4R1,138 MB,I4R2,196 MB,I4R3,170 MB,I5R1,212 MB,I5R3,121 MB,
2,.jpg,4,I0R1,196 MB,I0R2,168 MB,I1R1,112 MB,I1R2,107 MB,I1R3,103 MB,I2R1,113 MB,I2R2,102 MB,I2R3,102 MB,I3R1,112 MB,I3R2,104 MB,I3R3,102 MB,I4R1,239 MB,I4R2,197 MB,I4R3,196 MB,I5R1,210 MB,I5R3,121 MB,
2,.jpg,5,I0R1,202 MB,I0R2,200 MB,I0R3,0 B,I1R1,112 MB,I1R2,107 MB,I1R3,103 MB,I2R1,113 MB,I2R2,102 MB,I2R3,102 MB,I3R1,112 MB,I3R2,104 MB,I3R3,102 MB,I4R1,237 MB,I4R2,199 MB,I4R3,197 MB,I5R1,208 MB,I5R3,121 MB,
2,.jpg,6,I0R1,203 MB,I0R2,195 MB,I0R3,89.7 MB,I1R1,112 MB,I1R2,107 MB,I1R3,103 MB,I2R1,113 MB,I2R2,102 MB,I2R3,102 MB,I3R1,112 MB,I3R2,104 MB,I3R3,102 MB,I4R1,233 MB,I4R2,199 MB,I4R3,198 MB,I5R1,204 MB,I5R3,121 MB,
2,.jpg,7,I0R1,203 MB,I0R2,195 MB,I0R3,791 kB,I1R1,112 MB,I1R2,107 MB,I1R3,103 MB,I2R1,113 MB,I2R2,102 MB,I2R3,102 MB,I3R1,112 MB,I3R2,104 MB,I3R3,102 MB,I4R1,233 MB,I4R2,1.54 MB,I4R3,198 MB,I5R1,206 MB,I5R3,121 MB,
2,.png,0,I0R1,250 MB,I1R1,237 MB,I1R2,201 MB,I1R3,196 MB,I2R1,240 MB,I2R2,200 MB,I2R3,198 MB,I3R1,93.2 MB,I3R2,206 MB,I3R3,192 MB,I4R1,173 MB,I4R2,1.09 MB,I4R3,199 MB,I5R1,209 MB,
2,.png,1,I0R1,0 B,I1R1,238 MB,I1R2,201 MB,I1R3,196 MB,I2R1,240 MB,I2R2,200 MB,I2R3,198 MB,I3R1,239 MB,I3R2,206 MB,I3R3,192 MB,I4R1,173 MB,I4R2,1.09 MB,I4R3,0 B,I5R1,209 MB,
2,.png,2,I0R1,145 MB,I1R1,239 MB,I1R2,201 MB,I1R3,196 MB,I2R1,240 MB,I2R2,200 MB,I2R3,198 MB,I3R1,238 MB,I3R2,206 MB,I3R3,192 MB,I4R1,173 MB,I4R2,1.09 MB,I4R3,150 MB,I5R1,208 MB,
2,.png,3,I0R1,178 MB,I0R2,103 MB,I1R1,239 MB,I1R2,201 MB,I1R3,196 MB,I2R1,240 MB,I2R2,200 MB,I2R3,198 MB,I3R1,238 MB,I3R2,206 MB,I3R3,192 MB,I4R1,173 MB,I4R2,1.09 MB,I4R3,163 MB,I5R1,208 MB,
2,.png,4,I0R1,179 MB,I0R2,139 MB,I0R3,0 B,I1R1,239 MB,I1R2,201 MB,I1R3,196 MB,I2R1,240 MB,I2R2,200 MB,I2R3,198 MB,I3R1,239 MB,I3R2,206 MB,I3R3,192 MB,I4R1,173 MB,I4R2,1.09 MB,I4R3,182 MB,I5R1,208 MB,
2,.png,5,I0R1,180 MB,I0R2,163 MB,I0R3,132 MB,I1R1,239 MB,I1R2,201 MB,I1R3,196 MB,I2R1,240 MB,I2R2,200 MB,I2R3,198 MB,I3R1,238 MB,I3R2,206 MB,I3R3,192 MB,I4R1,173 MB,I4R2,1.09 MB,I4R3,183 MB,I5R1,208 MB,
2,.png,6,I0R1,179 MB,I0R2,170 MB,I0R3,130 MB,I1R1,239 MB,I1R2,201 MB,I1R3,196 MB,I2R1,240 MB,I2R2,200 MB,I2R3,198 MB,I3R1,238 MB,I3R2,206 MB,I3R3,192 MB,I4R1,173 MB,I4R2,1.09 MB,I4R3,183 MB,I5R1,208 MB,
2,.png,7,I0R1,179 MB,I0R2,170 MB,I0R3,130 MB,I1R1,244 MB,I1R2,201 MB,I1R3,196 MB,I2R1,243 MB,I2R2,200 MB,I2R3,198 MB,I3R1,240 MB,I3R2,206 MB,I3R3,192 MB,I4R1,173 MB,I4R2,1.09 MB,I4R3,183 MB,I5R1,208 MB,
3,.jpg,0,I0R1,113 MB,I0R2,107 MB,I0R3,101 MB,I2R1,181 MB,I2R2,166 MB,I2R3,181 MB,I3R1,176 MB,I3R2,168 MB,I3R3,180 MB,I4R1,173 MB,I4R2,126 MB,I4R3,82.4 MB,I5R1,210 MB,
3,.jpg,1,I0R1,113 MB,I0R2,107 MB,I0R3,101 MB,I2R1,244 MB,I2R3,181 MB,I3R1,242 MB,I3R3,180 MB,I4R1,173 MB,I4R2,126 MB,I4R3,82.4 MB,I5R1,210 MB,
3,.jpg,2,I0R1,113 MB,I0R2,107 MB,I0R3,101 MB,I2R1,245 MB,I2R3,181 MB,I3R1,242 MB,I3R3,180 MB,I4R1,173 MB,I4R2,126 MB,I4R3,82.4 MB,I5R1,210 MB,
3,.jpg,3,I0R1,113 MB,I0R2,107 MB,I0R3,101 MB,I2R1,245 MB,I2R3,181 MB,I3R1,242 MB,I3R3,180 MB,I4R1,173 MB,I4R2,126 MB,I4R3,82.4 MB,I5R1,210 MB,
3,.jpg,4,I0R1,113 MB,I0R2,107 MB,I0R3,101 MB,I2R1,245 MB,I2R3,181 MB,I3R1,242 MB,I3R3,180 MB,I4R1,173 MB,I4R2,126 MB,I4R3,82.4 MB,I5R1,210 MB,
3,.jpg,5,I0R1,113 MB,I0R2,107 MB,I0R3,101 MB,I2R1,245 MB,I2R3,181 MB,I3R1,242 MB,I3R3,180 MB,I4R1,173 MB,I4R2,126 MB,I4R3,82.4 MB,I5R1,213 MB,
3,.jpg,6,I0R1,113 MB,I0R2,107 MB,I0R3,101 MB,I2R1,244 MB,I2R3,181 MB,I3R1,242 MB,I3R3,180 MB,I4R1,173 MB,I4R2,126 MB,I4R3,82.4 MB,I5R1,210 MB,
3,.jpg,7,I0R1,113 MB,I0R2,107 MB,I0R3,101 MB,I2R1,244 MB,I2R3,181 MB,I3R1,242 MB,I3R3,180 MB,I4R1,173 MB,I4R2,126 MB,I4R3,82.4 MB,I5R1,210 MB,
3,.png,0,I0R1,92.5 MB,I2R1,170 MB,I2R2,136 MB,I2R3,86.5 MB,I3R1,166 MB,I3R2,124 MB,I4R1,199 MB,I4R2,130 MB,I4R3,77.6 MB,I5R1,212 MB,
3,.png,1,I0R1,263 MB,I2R1,247 MB,I3R1,244 MB,I4R1,200 MB,I5R1,212 MB,
3,.png,2,I0R1,263 MB,I2R1,247 MB,I3R1,244 MB,I4R1,199 MB,I5R1,212 MB,
3,.png,3,I0R1,262 MB,I2R1,247 MB,I3R1,244 MB,I4R1,0 B,I5R1,212 MB,
3,.png,4,I0R1,263 MB,I2R1,248 MB,I3R1,244 MB,I4R1,177 MB,I5R1,212 MB,
3,.png,5,I0R1,263 MB,I2R1,247 MB,I3R1,245 MB,I4R1,177 MB,I4R2,0 B,I5R1,212 MB,
3,.png,6,I0R1,263 MB,I2R1,246 MB,I3R1,243 MB,I4R1,177 MB,I4R2,111 MB,I5R1,211 MB,
3,.png,7,I0R1,263 MB,I2R1,246 MB,I3R1,243 MB,I4R1,177 MB,I4R2,111 MB,I4R3,0 B,I5R1,211 MB,
4,.jpg,0,I0R1,263 MB,I1R1,672 kB,I1R2,137 MB,I1R3,180 MB,I3R1,247 MB,I3R2,123 MB,I4R1,203 MB,I5R1,212 MB,
4,.jpg,1,I0R1,263 MB,I1R1,246 MB,I1R3,180 MB,I3R1,247 MB,I3R2,123 MB,I4R1,202 MB,I5R1,212 MB,
4,.jpg,2,I0R1,263 MB,I1R1,246 MB,I1R3,180 MB,I3R1,247 MB,I3R2,123 MB,I4R1,202 MB,I5R1,212 MB,
4,.jpg,3,I0R1,263 MB,I1R1,246 MB,I1R3,180 MB,I3R1,247 MB,I3R2,123 MB,I4R1,202 MB,I5R1,212 MB,
4,.jpg,4,I0R1,264 MB,I1R1,247 MB,I1R3,180 MB,I3R1,248 MB,I3R2,123 MB,I4R1,203 MB,I5R1,213 MB,
4,.jpg,5,I0R1,265 MB,I1R1,248 MB,I1R3,180 MB,I3R1,249 MB,I3R2,123 MB,I4R1,204 MB,I5R1,214 MB,
4,.jpg,6,I0R1,264 MB,I1R1,248 MB,I1R3,180 MB,I3R1,248 MB,I3R2,123 MB,I4R1,203 MB,I5R1,227 MB,
4,.jpg,7,I0R1,262 MB,I1R1,247 MB,I1R3,180 MB,I3R1,248 MB,I3R2,123 MB,I4R1,203 MB,I5R1,214 MB,
4,.png,0,I0R1,264 MB,I1R1,248 MB,I1R2,115 MB,I1R3,762 kB,I3R1,248 MB,I4R1,204 MB,I5R1,214 MB,
4,.png,1,I0R1,265 MB,I1R1,248 MB,I3R1,249 MB,I4R1,203 MB,I5R1,213 MB,
4,.png,2,I0R1,265 MB,I1R1,249 MB,I3R1,249 MB,I4R1,204 MB,I5R1,213 MB,
4,.png,3,I0R1,266 MB,I1R1,249 MB,I3R1,250 MB,I4R1,204 MB,I5R1,214 MB,
4,.png,4,I0R1,265 MB,I1R1,249 MB,I3R1,250 MB,I4R1,205 MB,I5R1,215 MB,
4,.png,5,I0R1,266 MB,I1R1,250 MB,I3R1,251 MB,I4R1,206 MB,I5R1,216 MB,
4,.png,6,I0R1,268 MB,I1R1,249 MB,I3R1,250 MB,I4R1,205 MB,I5R1,217 MB,
4,.png,7,I0R1,268 MB,I1R1,249 MB,I3R1,250 MB,I4R1,205 MB,I5R1,217 MB,
5,.jpg,0,I0R1,267 MB,I1R1,247 MB,I3R1,249 MB,I4R1,204 MB,I5R1,215 MB,
5,.jpg,1,I0R1,266 MB,I1R1,248 MB,I3R1,248 MB,I4R1,203 MB,I5R1,214 MB,
5,.jpg,2,I0R1,266 MB,I1R1,248 MB,I3R1,247 MB,I4R1,203 MB,I5R1,214 MB,
5,.jpg,3,I0R1,266 MB,I1R1,248 MB,I3R1,246 MB,I4R1,204 MB,I5R1,214 MB,
5,.jpg,4,I0R1,266 MB,I1R1,248 MB,I3R1,246 MB,I4R1,203 MB,I5R1,214 MB,
5,.jpg,5,I0R1,266 MB,I1R1,248 MB,I3R1,246 MB,I4R1,203 MB,I5R1,214 MB,
5,.jpg,6,I0R1,266 MB,I1R1,248 MB,I3R1,246 MB,I4R1,204 MB,I5R1,214 MB,
5,.jpg,7,I0R1,266 MB,I1R1,248 MB,I3R1,246 MB,I4R1,204 MB,I5R1,214 MB,
5,.png,0,I0R1,267 MB,I1R1,249 MB,I3R1,246 MB,I4R1,204 MB,I5R1,215 MB,
5,.png,1,I0R1,266 MB,I1R1,248 MB,I3R1,246 MB,I4R1,204 MB,I5R1,215 MB,
5,.png,2,I0R1,266 MB,I1R1,248 MB,I3R1,248 MB,I4R1,204 MB,I5R1,215 MB,
5,.png,3,I0R1,266 MB,I1R1,248 MB,I3R1,246 MB,I4R1,204 MB,I5R1,215 MB,
5,.png,4,I0R1,266 MB,I1R1,249 MB,I3R1,247 MB,I4R1,204 MB,I5R1,215 MB,
5,.png,5,I0R1,266 MB,I1R1,248 MB,I3R1,246 MB,I4R1,204 MB,I5R1,215 MB,
5,.png,6,I0R1,266 MB,I1R1,248 MB,I3R1,246 MB,I4R1,204 MB,I5R1,215 MB,
5,.png,7,I0R1,266 MB,I1R1,243 MB,I3R1,246 MB,I4R1,204 MB,I5R1,215 MB,
